panel	gene	ref_id	source	assembly_accession	nuccore_accession	protein_accession	locus_tag	organism	product	location	evidence	length_nt	length_aa	multiple_of_3
citrobacter	acrA	acrA|WP_003835922.1|NZ_LR890181.1|JMV71_RS17795	ncbi_refseq_auto	GCF_904859905.1	NZ_LR890181.1	WP_003835922.1	JMV71_RS17795	Citrobacter freundii MSB1_1H	multidrug efflux RND transporter periplasmic adaptor subunit AcrA	3650580..3651773	refseq_gene_name	1194	397	True
citrobacter	acrA	acrA|WP_204526591.1|NZ_CP101080.1|NMD07_RS18445	ncbi_refseq_auto	GCF_041319875.1	NZ_CP101080.1	WP_204526591.1	NMD07_RS18445	Citrobacter cronae	multidrug efflux RND transporter periplasmic adaptor subunit AcrA	3821758..3822951	species representative; ortholog by 98.0% identity to the panel allele; modal in 1/1 screened Citrobacter cronae genomes	1194	397	True
citrobacter	acrA	acrA|WP_047458420.1|NZ_CP022073.1|CEP66_RS01295	ncbi_refseq_auto	GCF_002208985.1	NZ_CP022073.1	WP_047458420.1	CEP66_RS01295	Citrobacter koseri	multidrug efflux RND transporter periplasmic adaptor subunit AcrA	268515..269708	species representative; ortholog by 94.9% identity to the panel allele; modal in 3/4 screened Citrobacter koseri genomes	1194	397	True
citrobacter	acrA	acrA|WP_048226274.1|NZ_CP101060.1|NMD21_RS18770	ncbi_refseq_auto	GCF_041319845.1	NZ_CP101060.1	WP_048226274.1	NMD21_RS18770	Citrobacter portucalensis	multidrug efflux RND transporter periplasmic adaptor subunit AcrA	3881346..3882539	species representative; ortholog by 99.5% identity to the panel allele; modal in 1/3 screened Citrobacter portucalensis genomes	1194	397	True
citrobacter	acrA	acrA|WP_042285835.1|NZ_BBNB01000002.1|CSE01S_RS06475	ncbi_refseq_auto	GCF_000759835.1	NZ_BBNB01000002.1	WP_042285835.1	CSE01S_RS06475	Citrobacter sedlakii	multidrug efflux RND transporter periplasmic adaptor subunit AcrA	445410..446603	species representative; ortholog by 93.2% identity to the panel allele; modal in 1/1 screened Citrobacter sedlakii genomes	1194	397	True
citrobacter	acrB	acrB|WP_003021736.1|NZ_LR890181.1|JMV71_RS17800	ncbi_refseq_auto	GCF_904859905.1	NZ_LR890181.1	WP_003021736.1	JMV71_RS17800	Citrobacter freundii MSB1_1H	efflux RND transporter permease AcrB	3651796..3654945	refseq_gene_name	3150	1049	True
citrobacter	acrB	acrB|WP_038638345.1|NZ_CP101080.1|NMD07_RS18450	ncbi_refseq_auto	GCF_041319875.1	NZ_CP101080.1	WP_038638345.1	NMD07_RS18450	Citrobacter cronae	efflux RND transporter permease AcrB	3822974..3826123	species representative; ortholog by 99.4% identity to the panel allele; modal in 1/1 screened Citrobacter cronae genomes	3150	1049	True
citrobacter	acrB	acrB|WP_012133513.1|NC_009792.1|CKO_RS11435	ncbi_refseq_auto	GCF_000018045.1	NC_009792.1	WP_012133513.1	CKO_RS11435	Citrobacter koseri	efflux RND transporter permease AcrB	2493815..2496961	species representative; ortholog by 96.5% identity to the panel allele; modal in 4/4 screened Citrobacter koseri genomes	3147	1048	True
citrobacter	acrB	acrB|WP_370613946.1|NZ_CP101060.1|NMD21_RS18775	ncbi_refseq_auto	GCF_041319845.1	NZ_CP101060.1	WP_370613946.1	NMD21_RS18775	Citrobacter portucalensis	efflux RND transporter permease AcrB	3882562..3885711	species representative; ortholog by 99.8% identity to the panel allele; modal in 1/3 screened Citrobacter portucalensis genomes	3150	1049	True
citrobacter	acrB	acrB|WP_042285838.1|NZ_BBNB01000002.1|CSE01S_RS06480	ncbi_refseq_auto	GCF_000759835.1	NZ_BBNB01000002.1	WP_042285838.1	CSE01S_RS06480	Citrobacter sedlakii	efflux RND transporter permease AcrB	446626..449775	species representative; ortholog by 96.5% identity to the panel allele; modal in 1/1 screened Citrobacter sedlakii genomes	3150	1049	True
citrobacter	acrD	acrD|WP_003838507.1|NZ_LR890181.1|JMV71_RS06555	ncbi_refseq_auto	GCF_904859905.1	NZ_LR890181.1	WP_003838507.1	JMV71_RS06555	Citrobacter freundii MSB1_1H	multidrug efflux RND transporter permease AcrD	complement(1389786..1392899)	refseq_gene_name	3114	1037	True
citrobacter	acrD	acrD|WP_069324476.1|NZ_CP101080.1|NMD07_RS07325	ncbi_refseq_auto	GCF_041319875.1	NZ_CP101080.1	WP_069324476.1	NMD07_RS07325	Citrobacter cronae	multidrug efflux RND transporter permease AcrD	complement(1531492..1534605)	species representative; ortholog by 98.6% identity to the panel allele; modal in 1/1 screened Citrobacter cronae genomes	3114	1037	True
citrobacter	acrD	acrD|WP_012131312.1|NC_009792.1|CKO_RS01440	ncbi_refseq_auto	GCF_000018045.1	NC_009792.1	WP_012131312.1	CKO_RS01440	Citrobacter koseri	multidrug efflux RND transporter permease AcrD	complement(309874..312987)	species representative; ortholog by 95.6% identity to the panel allele; modal in 2/4 screened Citrobacter koseri genomes	3114	1037	True
citrobacter	acrD	acrD|WP_286635966.1|NZ_CP101060.1|NMD21_RS06865	ncbi_refseq_auto	GCF_041319845.1	NZ_CP101060.1	WP_286635966.1	NMD21_RS06865	Citrobacter portucalensis	multidrug efflux RND transporter permease AcrD	complement(1471777..1474890)	species representative; ortholog by 99.4% identity to the panel allele; modal in 1/3 screened Citrobacter portucalensis genomes	3114	1037	True
citrobacter	acrD	acrD|WP_042290900.1|NZ_BBNB01000012.1|CSE01S_RS17005	ncbi_refseq_auto	GCF_000759835.1	NZ_BBNB01000012.1	WP_042290900.1	CSE01S_RS17005	Citrobacter sedlakii	multidrug efflux RND transporter permease AcrD	252596..255709	species representative; ortholog by 94.9% identity to the panel allele; modal in 1/1 screened Citrobacter sedlakii genomes	3114	1037	True
citrobacter	acrR	acrR|WP_003021744.1|NZ_LR890181.1|JMV71_RS17790	ncbi_refseq_auto	GCF_904859905.1	NZ_LR890181.1	WP_003021744.1	JMV71_RS17790	Citrobacter freundii MSB1_1H	multidrug efflux transporter transcriptional repressor AcrR	complement(3649788..3650438)	refseq_gene_name	651	216	True
citrobacter	acrR	acrR|WP_069323969.1|NZ_CP101080.1|NMD07_RS18440	ncbi_refseq_auto	GCF_041319875.1	NZ_CP101080.1	WP_069323969.1	NMD07_RS18440	Citrobacter cronae	multidrug efflux transporter transcriptional repressor AcrR	complement(3820966..3821616)	species representative; ortholog by 90.2% identity to the panel allele; modal in 1/1 screened Citrobacter cronae genomes	651	216	True
citrobacter	acrR	acrR|WP_058668709.1|NZ_CP022073.1|CEP66_RS01290	ncbi_refseq_auto	GCF_002208985.1	NZ_CP022073.1	WP_058668709.1	CEP66_RS01290	Citrobacter koseri	multidrug efflux transporter transcriptional repressor AcrR	complement(267720..268373)	species representative; ortholog by 83.4% identity to the panel allele; modal in 3/4 screened Citrobacter koseri genomes	654	217	True
citrobacter	acrR	acrR|WP_079938358.1|NZ_CP099373.1|NFK58_RS18730	ncbi_refseq_auto	GCF_029719225.1	NZ_CP099373.1	WP_079938358.1	NFK58_RS18730	Citrobacter portucalensis	multidrug efflux transporter transcriptional repressor AcrR	complement(3885267..3885917)	species representative; ortholog by 90.2% identity to the panel allele; modal in 2/3 screened Citrobacter portucalensis genomes	651	216	True
citrobacter	acrR	acrR|WP_042285832.1|NZ_BBNB01000002.1|CSE01S_RS06470	ncbi_refseq_auto	GCF_000759835.1	NZ_BBNB01000002.1	WP_042285832.1	CSE01S_RS06470	Citrobacter sedlakii	multidrug efflux transporter transcriptional repressor AcrR	complement(444615..445268)	species representative; ortholog by 83.3% identity to the panel allele; modal in 1/1 screened Citrobacter sedlakii genomes	654	217	True
citrobacter	ampC	ampC|WP_044699195.1|NZ_LR890181.1|JMV71_RS21330	ncbi_refseq_auto	GCF_904859905.1	NZ_LR890181.1	WP_044699195.1	JMV71_RS21330	Citrobacter freundii MSB1_1H	class C beta-lactamase CMY-48	4415715..4416860	refseq_product=class C beta-lactamase CMY-48	1146	381	True
citrobacter	ampD	ampD|WP_128295721.1|NZ_LR890181.1|JMV71_RS19670	ncbi_refseq_auto	GCF_904859905.1	NZ_LR890181.1	WP_128295721.1	JMV71_RS19670	Citrobacter freundii MSB1_1H	1,6-anhydro-N-acetylmuramyl-L-alanine amidase AmpD	complement(4055364..4055927)	refseq_gene_name	564	187	True
citrobacter	ampD	ampD|WP_038637254.1|NZ_CP101080.1|NMD07_RS20775	ncbi_refseq_auto	GCF_041319875.1	NZ_CP101080.1	WP_038637254.1	NMD07_RS20775	Citrobacter cronae	1,6-anhydro-N-acetylmuramyl-L-alanine amidase AmpD	complement(4314694..4315257)	species representative; ortholog by 95.7% identity to the panel allele; modal in 1/1 screened Citrobacter cronae genomes	564	187	True
citrobacter	ampD	ampD|WP_012134055.1|NC_009792.1|CKO_RS13960	ncbi_refseq_auto	GCF_000018045.1	NC_009792.1	WP_012134055.1	CKO_RS13960	Citrobacter koseri	1,6-anhydro-N-acetylmuramyl-L-alanine amidase AmpD	complement(3035025..3035588)	species representative; ortholog by 91.4% identity to the panel allele; modal in 3/4 screened Citrobacter koseri genomes	564	187	True
citrobacter	ampD	ampD|WP_008786207.1|NZ_CP089437.1|LT980_RS20200	ncbi_refseq_auto	GCF_023650815.1	NZ_CP089437.1	WP_008786207.1	LT980_RS20200	Citrobacter portucalensis	1,6-anhydro-N-acetylmuramyl-L-alanine amidase AmpD	complement(4150494..4151057)	species representative; ortholog by 98.9% identity to the panel allele; modal in 3/3 screened Citrobacter portucalensis genomes	564	187	True
citrobacter	ampD	ampD|WP_042290014.1|NZ_BBNB01000010.1|CSE01S_RS14815	ncbi_refseq_auto	GCF_000759835.1	NZ_BBNB01000010.1	WP_042290014.1	CSE01S_RS14815	Citrobacter sedlakii	1,6-anhydro-N-acetylmuramyl-L-alanine amidase AmpD	complement(106427..106990)	species representative; ortholog by 89.3% identity to the panel allele; modal in 1/1 screened Citrobacter sedlakii genomes	564	187	True
citrobacter	ampG	ampG|WP_016149701.1|NZ_LR890181.1|JMV71_RS17980	ncbi_refseq_auto	GCF_904859905.1	NZ_LR890181.1	WP_016149701.1	JMV71_RS17980	Citrobacter freundii MSB1_1H	muropeptide MFS transporter AmpG	3687381..3688856	refseq_gene_name	1476	491	True
citrobacter	ampG	ampG|WP_085047637.1|NZ_CP101080.1|NMD07_RS18630	ncbi_refseq_auto	GCF_041319875.1	NZ_CP101080.1	WP_085047637.1	NMD07_RS18630	Citrobacter cronae	muropeptide MFS transporter AmpG	3858317..3859792	species representative; ortholog by 96.3% identity to the panel allele; modal in 1/1 screened Citrobacter cronae genomes	1476	491	True
citrobacter	ampG	ampG|WP_049008406.1|NZ_CP022073.1|CEP66_RS01515	ncbi_refseq_auto	GCF_002208985.1	NZ_CP022073.1	WP_049008406.1	CEP66_RS01515	Citrobacter koseri	muropeptide MFS transporter AmpG	309017..310492	species representative; ortholog by 92.1% identity to the panel allele; modal in 2/4 screened Citrobacter koseri genomes	1476	491	True
citrobacter	ampG	ampG|WP_370613966.1|NZ_CP101060.1|NMD21_RS18955	ncbi_refseq_auto	GCF_041319845.1	NZ_CP101060.1	WP_370613966.1	NMD21_RS18955	Citrobacter portucalensis	muropeptide MFS transporter AmpG	3918050..3919525	species representative; ortholog by 98.8% identity to the panel allele; modal in 1/3 screened Citrobacter portucalensis genomes	1476	491	True
citrobacter	ampG	ampG|WP_042285921.1|NZ_BBNB01000002.1|CSE01S_RS06655	ncbi_refseq_auto	GCF_000759835.1	NZ_BBNB01000002.1	WP_042285921.1	CSE01S_RS06655	Citrobacter sedlakii	muropeptide MFS transporter AmpG	481901..483376	species representative; ortholog by 90.0% identity to the panel allele; modal in 1/1 screened Citrobacter sedlakii genomes	1476	491	True
citrobacter	ampR	ampR|WP_106902713.1|NZ_LR890181.1|JMV71_RS21325	ncbi_refseq_auto	GCF_904859905.1	NZ_LR890181.1	WP_106902713.1	JMV71_RS21325	Citrobacter freundii MSB1_1H	LysR family transcriptional regulator AmpR	complement(4414708..4415583)	refseq_gene_name	876	291	True
citrobacter	ampR	ampR|WP_069324727.1|NZ_CP101080.1|NMD07_RS22695	ncbi_refseq_auto	GCF_041319875.1	NZ_CP101080.1	WP_069324727.1	NMD07_RS22695	Citrobacter cronae	LysR family transcriptional regulator AmpR	complement(4728721..4729596)	species representative; ortholog by 94.5% identity to the panel allele; modal in 1/1 screened Citrobacter cronae genomes	876	291	True
citrobacter	ampR	ampR|WP_079939034.1|NZ_CP101060.1|NMD21_RS22780	ncbi_refseq_auto	GCF_041319845.1	NZ_CP101060.1	WP_079939034.1	NMD21_RS22780	Citrobacter portucalensis	LysR family transcriptional regulator AmpR	complement(4734315..4735190)	species representative; ortholog by 98.3% identity to the panel allele; modal in 1/3 screened Citrobacter portucalensis genomes	876	291	True
citrobacter	arnA	arnA|WP_048217311.1|NZ_LR890181.1|JMV71_RS08090	ncbi_refseq_auto	GCF_904859905.1	NZ_LR890181.1	WP_048217311.1	JMV71_RS08090	Citrobacter freundii MSB1_1H	bifunctional UDP-4-amino-4-deoxy-L-arabinose formyltransferase/UDP-glucuronic acid oxidase ArnA	complement(1653533..1655515)	refseq_gene_name	1983	660	True
citrobacter	arnA	arnA|WP_085047827.1|NZ_CP101080.1|NMD07_RS08455	ncbi_refseq_auto	GCF_041319875.1	NZ_CP101080.1	WP_085047827.1	NMD07_RS08455	Citrobacter cronae	bifunctional UDP-4-amino-4-deoxy-L-arabinose formyltransferase/UDP-glucuronic acid oxidase ArnA	complement(1779925..1781907)	species representative; ortholog by 97.4% identity to the panel allele; modal in 1/1 screened Citrobacter cronae genomes	1983	660	True
citrobacter	arnA	arnA|WP_370615794.1|NZ_CP101060.1|NMD21_RS07880	ncbi_refseq_auto	GCF_041319845.1	NZ_CP101060.1	WP_370615794.1	NMD21_RS07880	Citrobacter portucalensis	bifunctional UDP-4-amino-4-deoxy-L-arabinose formyltransferase/UDP-glucuronic acid oxidase ArnA	complement(1676728..1678710)	species representative; ortholog by 98.0% identity to the panel allele; modal in 1/3 screened Citrobacter portucalensis genomes	1983	660	True
citrobacter	arnB	arnB|WP_003027645.1|NZ_LR890181.1|JMV71_RS08100	ncbi_refseq_auto	GCF_904859905.1	NZ_LR890181.1	WP_003027645.1	JMV71_RS08100	Citrobacter freundii MSB1_1H	UDP-4-amino-4-deoxy-L-arabinose aminotransferase	complement(1656498..1657637)	refseq_gene_name	1140	379	True
citrobacter	arnB	arnB|WP_085047829.1|NZ_CP101080.1|NMD07_RS08465	ncbi_refseq_auto	GCF_041319875.1	NZ_CP101080.1	WP_085047829.1	NMD07_RS08465	Citrobacter cronae	UDP-4-amino-4-deoxy-L-arabinose aminotransferase	complement(1782890..1784029)	species representative; ortholog by 95.0% identity to the panel allele; modal in 1/1 screened Citrobacter cronae genomes	1140	379	True
citrobacter	arnB	arnB|WP_370615796.1|NZ_CP101060.1|NMD21_RS07890	ncbi_refseq_auto	GCF_041319845.1	NZ_CP101060.1	WP_370615796.1	NMD21_RS07890	Citrobacter portucalensis	UDP-4-amino-4-deoxy-L-arabinose aminotransferase	complement(1679693..1680832)	species representative; ortholog by 98.2% identity to the panel allele; modal in 1/3 screened Citrobacter portucalensis genomes	1140	379	True
citrobacter	arnC	arnC|WP_003027648.1|NZ_LR890181.1|JMV71_RS08095	ncbi_refseq_auto	GCF_904859905.1	NZ_LR890181.1	WP_003027648.1	JMV71_RS08095	Citrobacter freundii MSB1_1H	undecaprenyl-phosphate 4-deoxy-4-formamido-L-arabinose transferase	complement(1655512..1656495)	refseq_gene_name	984	327	True
citrobacter	arnC	arnC|WP_085047828.1|NZ_CP101080.1|NMD07_RS08460	ncbi_refseq_auto	GCF_041319875.1	NZ_CP101080.1	WP_085047828.1	NMD07_RS08460	Citrobacter cronae	undecaprenyl-phosphate 4-deoxy-4-formamido-L-arabinose transferase	complement(1781904..1782887)	species representative; ortholog by 98.2% identity to the panel allele; modal in 1/1 screened Citrobacter cronae genomes	984	327	True
citrobacter	arnC	arnC|WP_042307134.1|NZ_CP089437.1|LT980_RS08045	ncbi_refseq_auto	GCF_023650815.1	NZ_CP089437.1	WP_042307134.1	LT980_RS08045	Citrobacter portucalensis	undecaprenyl-phosphate 4-deoxy-4-formamido-L-arabinose transferase	complement(1669519..1670502)	species representative; ortholog by 99.1% identity to the panel allele; modal in 2/3 screened Citrobacter portucalensis genomes	984	327	True
citrobacter	arnD	arnD|WP_003027653.1|NZ_LR890181.1|JMV71_RS08085	ncbi_refseq_auto	GCF_904859905.1	NZ_LR890181.1	WP_003027653.1	JMV71_RS08085	Citrobacter freundii MSB1_1H	4-deoxy-4-formamido-L-arabinose-phosphoundecaprenol deformylase	complement(1652634..1653536)	refseq_gene_name	903	300	True
citrobacter	arnD	arnD|WP_085047826.1|NZ_CP101080.1|NMD07_RS08450	ncbi_refseq_auto	GCF_041319875.1	NZ_CP101080.1	WP_085047826.1	NMD07_RS08450	Citrobacter cronae	4-deoxy-4-formamido-L-arabinose-phosphoundecaprenol deformylase	complement(1779026..1779928)	species representative; ortholog by 95.3% identity to the panel allele; modal in 1/1 screened Citrobacter cronae genomes	903	300	True
citrobacter	arnD	arnD|WP_123267606.1|NZ_CP099373.1|NFK58_RS08415	ncbi_refseq_auto	GCF_029719225.1	NZ_CP099373.1	WP_123267606.1	NFK58_RS08415	Citrobacter portucalensis	4-deoxy-4-formamido-L-arabinose-phosphoundecaprenol deformylase	complement(1775087..1775989)	species representative; ortholog by 97.3% identity to the panel allele; modal in 2/3 screened Citrobacter portucalensis genomes	903	300	True
citrobacter	arnE	arnE|WP_003027661.1|NZ_LR890181.1|JMV71_RS08075	ncbi_refseq_auto	GCF_904859905.1	NZ_LR890181.1	WP_003027661.1	JMV71_RS08075	Citrobacter freundii MSB1_1H	4-amino-4-deoxy-L-arabinose-phosphoundecaprenol flippase subunit ArnE	complement(1650647..1650982)	refseq_gene_name	336	111	True
citrobacter	arnE	arnE|WP_085047824.1|NZ_CP101080.1|NMD07_RS08440	ncbi_refseq_auto	GCF_041319875.1	NZ_CP101080.1	WP_085047824.1	NMD07_RS08440	Citrobacter cronae	4-amino-4-deoxy-L-arabinose-phosphoundecaprenol flippase subunit ArnE	complement(1777042..1777377)	species representative; ortholog by 95.4% identity to the panel allele; modal in 1/1 screened Citrobacter cronae genomes	336	111	True
citrobacter	arnE	arnE|WP_003834709.1|NZ_CP089437.1|LT980_RS08025	ncbi_refseq_auto	GCF_023650815.1	NZ_CP089437.1	WP_003834709.1	LT980_RS08025	Citrobacter portucalensis	4-amino-4-deoxy-L-arabinose-phosphoundecaprenol flippase subunit ArnE	complement(1664654..1664989)	species representative; ortholog by 98.2% identity to the panel allele; modal in 3/3 screened Citrobacter portucalensis genomes	336	111	True
citrobacter	arnF	arnF|WP_032936583.1|NZ_LR890181.1|JMV71_RS08070	ncbi_refseq_auto	GCF_904859905.1	NZ_LR890181.1	WP_032936583.1	JMV71_RS08070	Citrobacter freundii MSB1_1H	4-amino-4-deoxy-L-arabinose-phosphoundecaprenol flippase subunit ArnF	complement(1650261..1650647)	refseq_gene_name	387	128	True
citrobacter	arnF	arnF|WP_085047823.1|NZ_CP101080.1|NMD07_RS08435	ncbi_refseq_auto	GCF_041319875.1	NZ_CP101080.1	WP_085047823.1	NMD07_RS08435	Citrobacter cronae	4-amino-4-deoxy-L-arabinose-phosphoundecaprenol flippase subunit ArnF	complement(1776656..1777042)	species representative; ortholog by 89.8% identity to the panel allele; modal in 1/1 screened Citrobacter cronae genomes	387	128	True
citrobacter	arnF	arnF|WP_079937700.1|NZ_CP099373.1|NFK58_RS08400	ncbi_refseq_auto	GCF_029719225.1	NZ_CP099373.1	WP_079937700.1	NFK58_RS08400	Citrobacter portucalensis	4-amino-4-deoxy-L-arabinose-phosphoundecaprenol flippase subunit ArnF	complement(1772714..1773100)	species representative; ortholog by 93.0% identity to the panel allele; modal in 2/3 screened Citrobacter portucalensis genomes	387	128	True
citrobacter	arnT	arnT|WP_119174436.1|NZ_LR890181.1|JMV71_RS08080	ncbi_refseq_auto	GCF_904859905.1	NZ_LR890181.1	WP_119174436.1	JMV71_RS08080	Citrobacter freundii MSB1_1H	lipid IV(A) 4-amino-4-deoxy-L-arabinosyltransferase	complement(1650979..1652637)	refseq_gene_name	1659	552	True
citrobacter	arnT	arnT|WP_085047825.1|NZ_CP101080.1|NMD07_RS08445	ncbi_refseq_auto	GCF_041319875.1	NZ_CP101080.1	WP_085047825.1	NMD07_RS08445	Citrobacter cronae	lipid IV(A) 4-amino-4-deoxy-L-arabinosyltransferase	complement(1777374..1779029)	species representative; ortholog by 94.1% identity to the panel allele; modal in 1/1 screened Citrobacter cronae genomes	1656	551	True
citrobacter	arnT	arnT|WP_286636990.1|NZ_CP101060.1|NMD21_RS07870	ncbi_refseq_auto	GCF_041319845.1	NZ_CP101060.1	WP_286636990.1	NMD21_RS07870	Citrobacter portucalensis	lipid IV(A) 4-amino-4-deoxy-L-arabinosyltransferase	complement(1674174..1675832)	species representative; ortholog by 95.5% identity to the panel allele; modal in 1/3 screened Citrobacter portucalensis genomes	1659	552	True
citrobacter	dacB	dacB|WP_003839958.1|NZ_LR890181.1|JMV71_RS02570	ncbi_refseq_auto	GCF_904859905.1	NZ_LR890181.1	WP_003839958.1	JMV71_RS02570	Citrobacter freundii MSB1_1H	serine-type D-Ala-D-Ala carboxypeptidase	complement(519878..521311)	refseq_gene_name	1434	477	True
citrobacter	dacB	dacB|WP_085048645.1|NZ_CP101080.1|NMD07_RS02890	ncbi_refseq_auto	GCF_041319875.1	NZ_CP101080.1	WP_085048645.1	NMD07_RS02890	Citrobacter cronae	serine-type D-Ala-D-Ala carboxypeptidase	complement(585793..587226)	species representative; ortholog by 97.9% identity to the panel allele; modal in 1/1 screened Citrobacter cronae genomes	1434	477	True
citrobacter	dacB	dacB|WP_012135313.1|NC_009792.1|CKO_RS19535	ncbi_refseq_auto	GCF_000018045.1	NC_009792.1	WP_012135313.1	CKO_RS19535	Citrobacter koseri	serine-type D-Ala-D-Ala carboxypeptidase	4232344..4233777	species representative; ortholog by 95.2% identity to the panel allele; modal in 2/4 screened Citrobacter koseri genomes	1434	477	True
citrobacter	dacB	dacB|WP_218667146.1|NZ_CP101060.1|NMD21_RS02770	ncbi_refseq_auto	GCF_041319845.1	NZ_CP101060.1	WP_218667146.1	NMD21_RS02770	Citrobacter portucalensis	serine-type D-Ala-D-Ala carboxypeptidase	complement(559299..560732)	species representative; ortholog by 99.4% identity to the panel allele; modal in 1/3 screened Citrobacter portucalensis genomes	1434	477	True
citrobacter	dacB	dacB|WP_042291861.1|NZ_BBNB01000015.1|CSE01S_RS19040	ncbi_refseq_auto	GCF_000759835.1	NZ_BBNB01000015.1	WP_042291861.1	CSE01S_RS19040	Citrobacter sedlakii	serine-type D-Ala-D-Ala carboxypeptidase	52032..53465	species representative; ortholog by 95.0% identity to the panel allele; modal in 1/1 screened Citrobacter sedlakii genomes	1434	477	True
citrobacter	emrA	emrA|WP_003037303.1|NZ_LR890181.1|JMV71_RS05265	ncbi_refseq_auto	GCF_904859905.1	NZ_LR890181.1	WP_003037303.1	JMV71_RS05265	Citrobacter freundii MSB1_1H	multidrug efflux MFS transporter periplasmic adaptor subunit EmrA	complement(1082065..1083237)	refseq_gene_name	1173	390	True
citrobacter	emrA	emrA|WP_085048879.1|NZ_CP101080.1|NMD07_RS05915	ncbi_refseq_auto	GCF_041319875.1	NZ_CP101080.1	WP_085048879.1	NMD07_RS05915	Citrobacter cronae	multidrug efflux MFS transporter periplasmic adaptor subunit EmrA	complement(1234393..1235565)	species representative; ortholog by 97.9% identity to the panel allele; modal in 1/1 screened Citrobacter cronae genomes	1173	390	True
citrobacter	emrA	emrA|WP_024130884.1|NC_009792.1|CKO_RS17250	ncbi_refseq_auto	GCF_000018045.1	NC_009792.1	WP_024130884.1	CKO_RS17250	Citrobacter koseri	multidrug efflux MFS transporter periplasmic adaptor subunit EmrA	3753960..3755132	species representative; ortholog by 95.9% identity to the panel allele; modal in 3/4 screened Citrobacter koseri genomes	1173	390	True
citrobacter	emrA	emrA|WP_286636848.1|NZ_CP101060.1|NMD21_RS05595	ncbi_refseq_auto	GCF_041319845.1	NZ_CP101060.1	WP_286636848.1	NMD21_RS05595	Citrobacter portucalensis	multidrug efflux MFS transporter periplasmic adaptor subunit EmrA	complement(1176757..1177929)	species representative; ortholog by 98.2% identity to the panel allele; modal in 1/3 screened Citrobacter portucalensis genomes	1173	390	True
citrobacter	emrA	emrA|WP_042289046.1|NZ_BBNB01000008.1|CSE01S_RS11850	ncbi_refseq_auto	GCF_000759835.1	NZ_BBNB01000008.1	WP_042289046.1	CSE01S_RS11850	Citrobacter sedlakii	multidrug efflux MFS transporter periplasmic adaptor subunit EmrA	137957..139129	species representative; ortholog by 94.1% identity to the panel allele; modal in 1/1 screened Citrobacter sedlakii genomes	1173	390	True
citrobacter	emrB	emrB|WP_003037306.1|NZ_LR890181.1|JMV71_RS05260	ncbi_refseq_auto	GCF_904859905.1	NZ_LR890181.1	WP_003037306.1	JMV71_RS05260	Citrobacter freundii MSB1_1H	multidrug efflux MFS transporter permease subunit EmrB	complement(1080510..1082048)	refseq_gene_name	1539	512	True
citrobacter	emrB	emrB|WP_069324580.1|NZ_CP101080.1|NMD07_RS05910	ncbi_refseq_auto	GCF_041319875.1	NZ_CP101080.1	WP_069324580.1	NMD07_RS05910	Citrobacter cronae	multidrug efflux MFS transporter permease subunit EmrB	complement(1232838..1234376)	species representative; ortholog by 97.9% identity to the panel allele; modal in 1/1 screened Citrobacter cronae genomes	1539	512	True
citrobacter	emrB	emrB|WP_012134799.1|NC_009792.1|CKO_RS17255	ncbi_refseq_auto	GCF_000018045.1	NC_009792.1	WP_012134799.1	CKO_RS17255	Citrobacter koseri	multidrug efflux MFS transporter permease subunit EmrB	3755149..3756687	species representative; ortholog by 96.1% identity to the panel allele; modal in 4/4 screened Citrobacter koseri genomes	1539	512	True
citrobacter	emrB	emrB|WP_003825966.1|NZ_CP099373.1|NFK58_RS05995	ncbi_refseq_auto	GCF_029719225.1	NZ_CP099373.1	WP_003825966.1	NFK58_RS05995	Citrobacter portucalensis	multidrug efflux MFS transporter permease subunit EmrB	complement(1239069..1240607)	species representative; ortholog by 99.6% identity to the panel allele; modal in 2/3 screened Citrobacter portucalensis genomes	1539	512	True
citrobacter	emrB	emrB|WP_042288532.1|NZ_BBNB01000008.1|CSE01S_RS11855	ncbi_refseq_auto	GCF_000759835.1	NZ_BBNB01000008.1	WP_042288532.1	CSE01S_RS11855	Citrobacter sedlakii	multidrug efflux MFS transporter permease subunit EmrB	139146..140684	species representative; ortholog by 96.1% identity to the panel allele; modal in 1/1 screened Citrobacter sedlakii genomes	1539	512	True
citrobacter	emrR	emrR|WP_003037300.1|NZ_LR890181.1|JMV71_RS05270	ncbi_refseq_auto	GCF_904859905.1	NZ_LR890181.1	WP_003037300.1	JMV71_RS05270	Citrobacter freundii MSB1_1H	multidrug efflux transporter EmrAB transcriptional repressor EmrR	complement(1083368..1083898)	refseq_gene_name	531	176	True
citrobacter	emrR	emrR|WP_042313109.1|NZ_CP101080.1|NMD07_RS05920	ncbi_refseq_auto	GCF_041319875.1	NZ_CP101080.1	WP_042313109.1	NMD07_RS05920	Citrobacter cronae	multidrug efflux transporter EmrAB transcriptional repressor EmrR	complement(1235693..1236223)	species representative; ortholog by 99.4% identity to the panel allele; modal in 1/1 screened Citrobacter cronae genomes	531	176	True
citrobacter	envZ	envZ|WP_003837891.1|NZ_LR890181.1|JMV71_RS01550	ncbi_refseq_auto	GCF_904859905.1	NZ_LR890181.1	WP_003837891.1	JMV71_RS01550	Citrobacter freundii MSB1_1H	two-component system sensor histidine kinase EnvZ	333976..335328	refseq_gene_name	1353	450	True
citrobacter	envZ	envZ|WP_042311918.1|NZ_CP101080.1|NMD07_RS01795	ncbi_refseq_auto	GCF_041319875.1	NZ_CP101080.1	WP_042311918.1	NMD07_RS01795	Citrobacter cronae	two-component system sensor histidine kinase EnvZ	381829..383181	species representative; ortholog by 98.7% identity to the panel allele; modal in 1/1 screened Citrobacter cronae genomes	1353	450	True
citrobacter	envZ	envZ|WP_012135512.1|NC_009792.1|CKO_RS20590	ncbi_refseq_auto	GCF_000018045.1	NC_009792.1	WP_012135512.1	CKO_RS20590	Citrobacter koseri	two-component system sensor histidine kinase EnvZ	complement(4425409..4426761)	species representative; ortholog by 96.2% identity to the panel allele; modal in 4/4 screened Citrobacter koseri genomes	1353	450	True
citrobacter	envZ	envZ|WP_003827658.1|NZ_CP089437.1|LT980_RS01550	ncbi_refseq_auto	GCF_023650815.1	NZ_CP089437.1	WP_003827658.1	LT980_RS01550	Citrobacter portucalensis	two-component system sensor histidine kinase EnvZ	339466..340818	species representative; ortholog by 98.4% identity to the panel allele; modal in 2/3 screened Citrobacter portucalensis genomes	1353	450	True
citrobacter	envZ	envZ|WP_042286390.1|NZ_BBNB01000003.1|CSE01S_RS07745	ncbi_refseq_auto	GCF_000759835.1	NZ_BBNB01000003.1	WP_042286390.1	CSE01S_RS07745	Citrobacter sedlakii	two-component system sensor histidine kinase EnvZ	complement(56985..58337)	species representative; ortholog by 96.7% identity to the panel allele; modal in 1/1 screened Citrobacter sedlakii genomes	1353	450	True
citrobacter	eptA	eptA|WP_201506445.1|NZ_LR890181.1|JMV71_RS21520	ncbi_refseq_auto	GCF_904859905.1	NZ_LR890181.1	WP_201506445.1	JMV71_RS21520	Citrobacter freundii MSB1_1H	phosphoethanolamine transferase EptA	4459156..4460793	refseq_gene_name	1638	545	True
citrobacter	eptA	eptA|WP_069325136.1|NZ_CP101080.1|NMD07_RS23100	ncbi_refseq_auto	GCF_041319875.1	NZ_CP101080.1	WP_069325136.1	NMD07_RS23100	Citrobacter cronae	phosphoethanolamine transferase EptA	4797334..4798971	species representative; ortholog by 96.9% identity to the panel allele; modal in 1/1 screened Citrobacter cronae genomes	1638	545	True
citrobacter	eptA	eptA|WP_058668434.1|NZ_CP022073.1|CEP66_RS05510	ncbi_refseq_auto	GCF_002208985.1	NZ_CP022073.1	WP_058668434.1	CEP66_RS05510	Citrobacter koseri	phosphoethanolamine transferase EptA	1146767..1148410	species representative; ortholog by 84.6% identity to the panel allele; modal in 2/4 screened Citrobacter koseri genomes	1644	547	True
citrobacter	eptA	eptA|WP_286636001.1|NZ_CP101060.1|NMD21_RS22980	ncbi_refseq_auto	GCF_041319845.1	NZ_CP101060.1	WP_286636001.1	NMD21_RS22980	Citrobacter portucalensis	phosphoethanolamine transferase EptA	4778824..4780461	species representative; ortholog by 98.9% identity to the panel allele; modal in 1/3 screened Citrobacter portucalensis genomes	1638	545	True
citrobacter	eptA	eptA|WP_042291045.1|NZ_BBNB01000013.1|CSE01S_RS17395	ncbi_refseq_auto	GCF_000759835.1	NZ_BBNB01000013.1	WP_042291045.1	CSE01S_RS17395	Citrobacter sedlakii	phosphoethanolamine transferase EptA	49701..51344	species representative; ortholog by 81.5% identity to the panel allele; modal in 1/1 screened Citrobacter sedlakii genomes	1644	547	True
citrobacter	exbB	exbB|WP_003024507.1|NZ_LR890181.1|JMV71_RS03710	ncbi_refseq_auto	GCF_904859905.1	NZ_LR890181.1	WP_003024507.1	JMV71_RS03710	Citrobacter freundii MSB1_1H	tol-pal system-associated acyl-CoA thioesterase	755267..756001	refseq_gene_name	735	244	True
citrobacter	exbB	exbB|WP_061382446.1|NZ_CP101080.1|NMD07_RS04220	ncbi_refseq_auto	GCF_041319875.1	NZ_CP101080.1	WP_061382446.1	NMD07_RS04220	Citrobacter cronae	tol-pal system-associated acyl-CoA thioesterase	863626..864360	species representative; ortholog by 98.4% identity to the panel allele; modal in 1/1 screened Citrobacter cronae genomes	735	244	True
citrobacter	exbB	exbB|WP_024130953.1|NC_009792.1|CKO_RS18775	ncbi_refseq_auto	GCF_000018045.1	NC_009792.1	WP_024130953.1	CKO_RS18775	Citrobacter koseri	tol-pal system-associated acyl-CoA thioesterase	complement(4072536..4073270)	species representative; ortholog by 93.9% identity to the panel allele; modal in 4/4 screened Citrobacter koseri genomes	735	244	True
citrobacter	exbB	exbB|WP_079939993.1|NZ_CP099373.1|NFK58_RS03850	ncbi_refseq_auto	GCF_029719225.1	NZ_CP099373.1	WP_079939993.1	NFK58_RS03850	Citrobacter portucalensis	tol-pal system-associated acyl-CoA thioesterase	778743..779477	species representative; ortholog by 99.6% identity to the panel allele; modal in 2/3 screened Citrobacter portucalensis genomes	735	244	True
citrobacter	exbB	exbB|WP_042289210.1|NZ_BBNB01000009.1|CSE01S_RS13150	ncbi_refseq_auto	GCF_000759835.1	NZ_BBNB01000009.1	WP_042289210.1	CSE01S_RS13150	Citrobacter sedlakii	tol-pal system-associated acyl-CoA thioesterase	complement(59082..59816)	species representative; ortholog by 92.2% identity to the panel allele; modal in 1/1 screened Citrobacter sedlakii genomes	735	244	True
citrobacter	exbD	exbD|WP_003024505.1|NZ_LR890181.1|JMV71_RS03715	ncbi_refseq_auto	GCF_904859905.1	NZ_LR890181.1	WP_003024505.1	JMV71_RS03715	Citrobacter freundii MSB1_1H	TonB system transport protein ExbD	756008..756433	refseq_gene_name	426	141	True
citrobacter	exbD	exbD|WP_085048735.1|NZ_CP101080.1|NMD07_RS04225	ncbi_refseq_auto	GCF_041319875.1	NZ_CP101080.1	WP_085048735.1	NMD07_RS04225	Citrobacter cronae	TonB system transport protein ExbD	864367..864792	species representative; ortholog by 96.5% identity to the panel allele; modal in 1/1 screened Citrobacter cronae genomes	426	141	True
citrobacter	exbD	exbD|WP_012135139.1|NC_009792.1|CKO_RS18770	ncbi_refseq_auto	GCF_000018045.1	NC_009792.1	WP_012135139.1	CKO_RS18770	Citrobacter koseri	TonB system transport protein ExbD	complement(4072104..4072529)	species representative; ortholog by 92.9% identity to the panel allele; modal in 4/4 screened Citrobacter koseri genomes	426	141	True
citrobacter	exbD	exbD|WP_003828370.1|NZ_CP101060.1|NMD21_RS03720	ncbi_refseq_auto	GCF_041319845.1	NZ_CP101060.1	WP_003828370.1	NMD21_RS03720	Citrobacter portucalensis	TonB system transport protein ExbD	760041..760466	species representative; ortholog by 97.9% identity to the panel allele; modal in 1/3 screened Citrobacter portucalensis genomes	426	141	True
citrobacter	exbD	exbD|WP_042289208.1|NZ_BBNB01000009.1|CSE01S_RS13145	ncbi_refseq_auto	GCF_000759835.1	NZ_BBNB01000009.1	WP_042289208.1	CSE01S_RS13145	Citrobacter sedlakii	TonB system transport protein ExbD	complement(58650..59075)	species representative; ortholog by 89.4% identity to the panel allele; modal in 1/1 screened Citrobacter sedlakii genomes	426	141	True
citrobacter	fecA	fecA|WP_119174127.1|NZ_LR890181.1|JMV71_RS14665	ncbi_refseq_auto	GCF_904859905.1	NZ_LR890181.1	WP_119174127.1	JMV71_RS14665	Citrobacter freundii MSB1_1H	TonB-dependent Fe(3+) dicitrate receptor FecA	2990485..2992809	refseq_gene_name	2325	774	True
citrobacter	fecA	fecA|WP_012134604.1|NC_009792.1|CKO_RS16385	ncbi_refseq_auto	GCF_000018045.1	NC_009792.1	WP_012134604.1	CKO_RS16385	Citrobacter koseri	TonB-dependent Fe(3+) dicitrate receptor FecA	3559606..3561921	species representative; ortholog by 90.3% identity to the panel allele; modal in 1/4 screened Citrobacter koseri genomes	2316	771	True
citrobacter	fecA	fecA|WP_279267786.1|NZ_CP099373.1|NFK58_RS15285	ncbi_refseq_auto	GCF_029719225.1	NZ_CP099373.1	WP_279267786.1	NFK58_RS15285	Citrobacter portucalensis	TonB-dependent Fe(3+) dicitrate receptor FecA	3163625..3165949	species representative; ortholog by 97.9% identity to the panel allele; modal in 1/2 screened Citrobacter portucalensis genomes	2325	774	True
citrobacter	fhuA	fhuA|WP_003018594.1|NZ_LR890181.1|JMV71_RS19480	ncbi_refseq_auto	GCF_904859905.1	NZ_LR890181.1	WP_003018594.1	JMV71_RS19480	Citrobacter freundii MSB1_1H	ferrichrome porin FhuA	complement(4006524..4008713)	refseq_gene_name	2190	729	True
citrobacter	fhuA	fhuA|WP_286636231.1|NZ_CP101060.1|NMD21_RS20500	ncbi_refseq_auto	GCF_041319845.1	NZ_CP101060.1	WP_286636231.1	NMD21_RS20500	Citrobacter portucalensis	ferrichrome porin FhuA	complement(4243236..4245410)	species representative; ortholog by 82.2% identity to the panel allele; modal in 1/2 screened Citrobacter portucalensis genomes	2175	724	True
citrobacter	fiu	fiu|WP_119174704.1|NZ_LR890181.1|JMV71_RS16105	ncbi_refseq_auto	GCF_904859905.1	NZ_LR890181.1	WP_119174704.1	JMV71_RS16105	Citrobacter freundii MSB1_1H	catecholate siderophore receptor Fiu	3287502..3289787	refseq_product=catecholate siderophore receptor Fiu	2286	761	True
citrobacter	ftsH	ftsH|WP_003025013.1|NZ_LR890181.1|JMV71_RS02590	ncbi_refseq_auto	GCF_904859905.1	NZ_LR890181.1	WP_003025013.1	JMV71_RS02590	Citrobacter freundii MSB1_1H	ATP-dependent zinc metalloprotease FtsH	523338..525272	refseq_gene_name	1935	644	True
citrobacter	ftsH	ftsH|WP_012135310.1|NC_009792.1|CKO_RS19510	ncbi_refseq_auto	GCF_000018045.1	NC_009792.1	WP_012135310.1	CKO_RS19510	Citrobacter koseri	ATP-dependent zinc metalloprotease FtsH	complement(4228381..4230315)	species representative; ortholog by 97.0% identity to the panel allele; modal in 4/4 screened Citrobacter koseri genomes	1935	644	True
citrobacter	ftsH	ftsH|WP_042291851.1|NZ_BBNB01000015.1|CSE01S_RS19015	ncbi_refseq_auto	GCF_000759835.1	NZ_BBNB01000015.1	WP_042291851.1	CSE01S_RS19015	Citrobacter sedlakii	ATP-dependent zinc metalloprotease FtsH	complement(48075..50006)	species representative; ortholog by 97.0% identity to the panel allele; modal in 1/1 screened Citrobacter sedlakii genomes	1932	643	True
citrobacter	ftsI	ftsI|WP_016151691.1|NZ_LR890181.1|JMV71_RS19790	ncbi_refseq_auto	GCF_904859905.1	NZ_LR890181.1	WP_016151691.1	JMV71_RS19790	Citrobacter freundii MSB1_1H	peptidoglycan glycosyltransferase FtsI	complement(4081454..4083220)	refseq_gene_name	1767	588	True
citrobacter	ftsI	ftsI|WP_038637202.1|NZ_CP101080.1|NMD07_RS20895	ncbi_refseq_auto	GCF_041319875.1	NZ_CP101080.1	WP_038637202.1	NMD07_RS20895	Citrobacter cronae	peptidoglycan glycosyltransferase FtsI	complement(4340745..4342511)	species representative; ortholog by 98.8% identity to the panel allele; modal in 1/1 screened Citrobacter cronae genomes	1767	588	True
citrobacter	ftsI	ftsI|WP_012134078.1|NC_009792.1|CKO_RS14080	ncbi_refseq_auto	GCF_000018045.1	NC_009792.1	WP_012134078.1	CKO_RS14080	Citrobacter koseri	peptidoglycan glycosyltransferase FtsI	complement(3061223..3062989)	species representative; ortholog by 95.7% identity to the panel allele; modal in 4/4 screened Citrobacter koseri genomes	1767	588	True
citrobacter	ftsI	ftsI|WP_123268704.1|NZ_CP099373.1|NFK58_RS20820	ncbi_refseq_auto	GCF_029719225.1	NZ_CP099373.1	WP_123268704.1	NFK58_RS20820	Citrobacter portucalensis	peptidoglycan glycosyltransferase FtsI	complement(4335928..4337694)	species representative; ortholog by 99.7% identity to the panel allele; modal in 2/3 screened Citrobacter portucalensis genomes	1767	588	True
citrobacter	ftsI	ftsI|WP_042290065.1|NZ_BBNB01000010.1|CSE01S_RS14935	ncbi_refseq_auto	GCF_000759835.1	NZ_BBNB01000010.1	WP_042290065.1	CSE01S_RS14935	Citrobacter sedlakii	peptidoglycan glycosyltransferase FtsI	complement(132506..134260)	species representative; ortholog by 97.1% identity to the panel allele; modal in 1/1 screened Citrobacter sedlakii genomes	1755	584	True
citrobacter	lapB	lapB|WP_003020592.1|NZ_LR890181.1|JMV71_RS11400	ncbi_refseq_auto	GCF_904859905.1	NZ_LR890181.1	WP_003020592.1	JMV71_RS11400	Citrobacter freundii MSB1_1H	lipopolysaccharide assembly protein LapB	2327017..2328186	refseq_gene_name	1170	389	True
citrobacter	lapB	lapB|WP_038640951.1|NZ_CP101080.1|NMD07_RS11910	ncbi_refseq_auto	GCF_041319875.1	NZ_CP101080.1	WP_038640951.1	NMD07_RS11910	Citrobacter cronae	lipopolysaccharide assembly protein LapB	2472436..2473605	species representative; ortholog by 97.7% identity to the panel allele; modal in 1/1 screened Citrobacter cronae genomes	1170	389	True
citrobacter	lapB	lapB|WP_012132243.1|NC_009792.1|CKO_RS05850	ncbi_refseq_auto	GCF_000018045.1	NC_009792.1	WP_012132243.1	CKO_RS05850	Citrobacter koseri	lipopolysaccharide assembly protein LapB	1325791..1326960	species representative; ortholog by 97.2% identity to the panel allele; modal in 4/4 screened Citrobacter koseri genomes	1170	389	True
citrobacter	lapB	lapB|WP_008784929.1|NZ_CP089437.1|LT980_RS11615	ncbi_refseq_auto	GCF_023650815.1	NZ_CP089437.1	WP_008784929.1	LT980_RS11615	Citrobacter portucalensis	lipopolysaccharide assembly protein LapB	2394771..2395940	species representative; ortholog by 99.0% identity to the panel allele; modal in 2/3 screened Citrobacter portucalensis genomes	1170	389	True
citrobacter	lapB	lapB|WP_042283429.1|NZ_BBNB01000001.1|CSE01S_RS01725	ncbi_refseq_auto	GCF_000759835.1	NZ_BBNB01000001.1	WP_042283429.1	CSE01S_RS01725	Citrobacter sedlakii	lipopolysaccharide assembly protein LapB	complement(361520..362689)	species representative; ortholog by 96.1% identity to the panel allele; modal in 1/1 screened Citrobacter sedlakii genomes	1170	389	True
citrobacter	lapC	lapC|WP_016150675.1|NZ_LR890181.1|JMV71_RS08320	ncbi_refseq_auto	GCF_904859905.1	NZ_LR890181.1	WP_016150675.1	JMV71_RS08320	Citrobacter freundii MSB1_1H	LPS biosynthesis-modulating metalloenzyme YejM	complement(1707696..1709456)	refseq_gene_name	1761	586	True
citrobacter	lpxC	lpxC|WP_003018750.1|NZ_LR890181.1|JMV71_RS19730	ncbi_refseq_auto	GCF_904859905.1	NZ_LR890181.1	WP_003018750.1	JMV71_RS19730	Citrobacter freundii MSB1_1H	UDP-3-O-acyl-N-acetylglucosamine deacetylase	complement(4067156..4068073)	refseq_gene_name	918	305	True
citrobacter	lpxC	lpxC|WP_085048309.1|NZ_CP101080.1|NMD07_RS20835	ncbi_refseq_auto	GCF_041319875.1	NZ_CP101080.1	WP_085048309.1	NMD07_RS20835	Citrobacter cronae	UDP-3-O-acyl-N-acetylglucosamine deacetylase	complement(4326447..4327364)	species representative; ortholog by 98.0% identity to the panel allele; modal in 1/1 screened Citrobacter cronae genomes	918	305	True
citrobacter	lpxC	lpxC|WP_012134068.1|NC_009792.1|CKO_RS14020	ncbi_refseq_auto	GCF_000018045.1	NC_009792.1	WP_012134068.1	CKO_RS14020	Citrobacter koseri	UDP-3-O-acyl-N-acetylglucosamine deacetylase	complement(3046928..3047845)	species representative; ortholog by 97.4% identity to the panel allele; modal in 4/4 screened Citrobacter koseri genomes	918	305	True
citrobacter	lpxC	lpxC|WP_006686706.1|NZ_CP089437.1|LT980_RS20260	ncbi_refseq_auto	GCF_023650815.1	NZ_CP089437.1	WP_006686706.1	LT980_RS20260	Citrobacter portucalensis	UDP-3-O-acyl-N-acetylglucosamine deacetylase	complement(4162374..4163291)	species representative; ortholog by 98.4% identity to the panel allele; modal in 3/3 screened Citrobacter portucalensis genomes	918	305	True
citrobacter	lpxC	lpxC|WP_042290041.1|NZ_BBNB01000010.1|CSE01S_RS14875	ncbi_refseq_auto	GCF_000759835.1	NZ_BBNB01000010.1	WP_042290041.1	CSE01S_RS14875	Citrobacter sedlakii	UDP-3-O-acyl-N-acetylglucosamine deacetylase	complement(118205..119122)	species representative; ortholog by 97.7% identity to the panel allele; modal in 1/1 screened Citrobacter sedlakii genomes	918	305	True
citrobacter	marA	marA|WP_003032424.1|NZ_LR890181.1|JMV71_RS12510	ncbi_refseq_auto	GCF_904859905.1	NZ_LR890181.1	WP_003032424.1	JMV71_RS12510	Citrobacter freundii MSB1_1H	MDR efflux pump AcrAB transcriptional activator MarA	2565895..2566278	refseq_gene_name	384	127	True
citrobacter	marA	marA|WP_024130339.1|NC_009792.1|CKO_RS06645	ncbi_refseq_auto	GCF_000018045.1	NC_009792.1	WP_024130339.1	CKO_RS06645	Citrobacter koseri	MDR efflux pump AcrAB transcriptional activator MarA	1505179..1505562	species representative; ortholog by 96.1% identity to the panel allele; modal in 4/4 screened Citrobacter koseri genomes	384	127	True
citrobacter	marA	marA|WP_148365360.1|NZ_BBNB01000001.1|CSE01S_RS00720	ncbi_refseq_auto	GCF_000759835.1	NZ_BBNB01000001.1	WP_148365360.1	CSE01S_RS00720	Citrobacter sedlakii	MDR efflux pump AcrAB transcriptional activator MarA	complement(142669..143049)	species representative; ortholog by 95.2% identity to the panel allele; modal in 1/1 screened Citrobacter sedlakii genomes	381	126	True
citrobacter	marR	marR|WP_003032426.1|NZ_LR890181.1|JMV71_RS12505	ncbi_refseq_auto	GCF_904859905.1	NZ_LR890181.1	WP_003032426.1	JMV71_RS12505	Citrobacter freundii MSB1_1H	multiple antibiotic resistance transcriptional regulator MarR	2565442..2565876	refseq_gene_name	435	144	True
citrobacter	marR	marR|WP_042308445.1|NZ_CP101080.1|NMD07_RS13025	ncbi_refseq_auto	GCF_041319875.1	NZ_CP101080.1	WP_042308445.1	NMD07_RS13025	Citrobacter cronae	multiple antibiotic resistance transcriptional regulator MarR	2705795..2706229	species representative; ortholog by 98.6% identity to the panel allele; modal in 1/1 screened Citrobacter cronae genomes	435	144	True
citrobacter	marR	marR|WP_012132424.1|NC_009792.1|CKO_RS06640	ncbi_refseq_auto	GCF_000018045.1	NC_009792.1	WP_012132424.1	CKO_RS06640	Citrobacter koseri	multiple antibiotic resistance transcriptional regulator MarR	1504726..1505160	species representative; ortholog by 96.5% identity to the panel allele; modal in 4/4 screened Citrobacter koseri genomes	435	144	True
citrobacter	marR	marR|WP_003832935.1|NZ_CP089437.1|LT980_RS12835	ncbi_refseq_auto	GCF_023650815.1	NZ_CP089437.1	WP_003832935.1	LT980_RS12835	Citrobacter portucalensis	multiple antibiotic resistance transcriptional regulator MarR	2653803..2654237	species representative; ortholog by 99.3% identity to the panel allele; modal in 3/3 screened Citrobacter portucalensis genomes	435	144	True
citrobacter	marR	marR|WP_042282939.1|NZ_BBNB01000001.1|CSE01S_RS00725	ncbi_refseq_auto	GCF_000759835.1	NZ_BBNB01000001.1	WP_042282939.1	CSE01S_RS00725	Citrobacter sedlakii	multiple antibiotic resistance transcriptional regulator MarR	complement(143070..143504)	species representative; ortholog by 90.3% identity to the panel allele; modal in 1/1 screened Citrobacter sedlakii genomes	435	144	True
citrobacter	mdtK	mdtK|WP_003029224.1|NZ_LR890181.1|JMV71_RS13040	ncbi_refseq_auto	GCF_904859905.1	NZ_LR890181.1	WP_003029224.1	JMV71_RS13040	Citrobacter freundii MSB1_1H	multidrug efflux MATE transporter MdtK	2671716..2673089	refseq_gene_name	1374	457	True
citrobacter	mdtK	mdtK|WP_038640359.1|NZ_CP101080.1|NMD07_RS13635	ncbi_refseq_auto	GCF_041319875.1	NZ_CP101080.1	WP_038640359.1	NMD07_RS13635	Citrobacter cronae	multidrug efflux MATE transporter MdtK	2827185..2828558	species representative; ortholog by 97.6% identity to the panel allele; modal in 1/1 screened Citrobacter cronae genomes	1374	457	True
citrobacter	mdtK	mdtK|WP_012132551.1|NC_009792.1|CKO_RS07160	ncbi_refseq_auto	GCF_000018045.1	NC_009792.1	WP_012132551.1	CKO_RS07160	Citrobacter koseri	multidrug efflux MATE transporter MdtK	1610922..1612295	species representative; ortholog by 95.2% identity to the panel allele; modal in 3/4 screened Citrobacter koseri genomes	1374	457	True
citrobacter	mdtK	mdtK|WP_079937802.1|NZ_CP101060.1|NMD21_RS13485	ncbi_refseq_auto	GCF_041319845.1	NZ_CP101060.1	WP_079937802.1	NMD21_RS13485	Citrobacter portucalensis	multidrug efflux MATE transporter MdtK	2799793..2801166	species representative; ortholog by 98.9% identity to the panel allele; modal in 1/3 screened Citrobacter portucalensis genomes	1374	457	True
citrobacter	mdtK	mdtK|WP_042282755.1|NZ_BBNB01000001.1|CSE01S_RS00205	ncbi_refseq_auto	GCF_000759835.1	NZ_BBNB01000001.1	WP_042282755.1	CSE01S_RS00205	Citrobacter sedlakii	MdtK family multidrug efflux MATE transporter	complement(37818..39191)	species representative; ortholog by 93.0% identity to the panel allele; modal in 1/1 screened Citrobacter sedlakii genomes	1374	457	True
citrobacter	mrcA	mrcA|WP_003837905.1|NZ_LR890181.1|JMV71_RS01600	ncbi_refseq_auto	GCF_904859905.1	NZ_LR890181.1	WP_003837905.1	JMV71_RS01600	Citrobacter freundii MSB1_1H	peptidoglycan glycosyltransferase/peptidoglycan DD-transpeptidase MrcA	complement(345188..347740)	refseq_gene_name	2553	850	True
citrobacter	mrcA	mrcA|WP_204526734.1|NZ_CP101080.1|NMD07_RS01835	ncbi_refseq_auto	GCF_041319875.1	NZ_CP101080.1	WP_204526734.1	NMD07_RS01835	Citrobacter cronae	peptidoglycan glycosyltransferase/peptidoglycan DD-transpeptidase MrcA	complement(390577..393129)	species representative; ortholog by 99.3% identity to the panel allele; modal in 1/1 screened Citrobacter cronae genomes	2553	850	True
citrobacter	mrcA	mrcA|WP_047460696.1|NZ_CP022073.1|CEP66_RS09350	ncbi_refseq_auto	GCF_002208985.1	NZ_CP022073.1	WP_047460696.1	CEP66_RS09350	Citrobacter koseri	peptidoglycan glycosyltransferase/peptidoglycan DD-transpeptidase MrcA	complement(1958259..1960811)	species representative; ortholog by 95.4% identity to the panel allele; modal in 3/4 screened Citrobacter koseri genomes	2553	850	True
citrobacter	mrcA	mrcA|WP_370615060.1|NZ_CP101060.1|NMD21_RS01815	ncbi_refseq_auto	GCF_041319845.1	NZ_CP101060.1	WP_370615060.1	NMD21_RS01815	Citrobacter portucalensis	peptidoglycan glycosyltransferase/peptidoglycan DD-transpeptidase MrcA	complement(388076..390628)	species representative; ortholog by 99.6% identity to the panel allele; modal in 1/3 screened Citrobacter portucalensis genomes	2553	850	True
citrobacter	mrcA	mrcA|WP_042286376.1|NZ_BBNB01000003.1|CSE01S_RS07710	ncbi_refseq_auto	GCF_000759835.1	NZ_BBNB01000003.1	WP_042286376.1	CSE01S_RS07710	Citrobacter sedlakii	peptidoglycan glycosyltransferase/peptidoglycan DD-transpeptidase MrcA	47212..49764	species representative; ortholog by 94.5% identity to the panel allele; modal in 1/1 screened Citrobacter sedlakii genomes	2553	850	True
citrobacter	mrcB	mrcB|WP_003018611.1|NZ_LR890181.1|JMV71_RS19505	ncbi_refseq_auto	GCF_904859905.1	NZ_LR890181.1	WP_003018611.1	JMV71_RS19505	Citrobacter freundii MSB1_1H	bifunctional glycosyl transferase/transpeptidase	complement(4014348..4016885)	refseq_gene_name	2538	845	True
citrobacter	mrcB	mrcB|WP_121528596.1|NZ_CP101080.1|NMD07_RS20580	ncbi_refseq_auto	GCF_041319875.1	NZ_CP101080.1	WP_121528596.1	NMD07_RS20580	Citrobacter cronae	bifunctional glycosyl transferase/transpeptidase	complement(4267820..4270357)	species representative; ortholog by 99.3% identity to the panel allele; modal in 1/1 screened Citrobacter cronae genomes	2538	845	True
citrobacter	mrcB	mrcB|WP_012134009.1|NC_009792.1|CKO_RS13755	ncbi_refseq_auto	GCF_000018045.1	NC_009792.1	WP_012134009.1	CKO_RS13755	Citrobacter koseri	bifunctional glycosyl transferase/transpeptidase	complement(2986131..2988671)	species representative; ortholog by 96.6% identity to the panel allele; modal in 2/4 screened Citrobacter koseri genomes	2541	846	True
citrobacter	mrcB	mrcB|WP_079937048.1|NZ_CP101060.1|NMD21_RS20505	ncbi_refseq_auto	GCF_041319845.1	NZ_CP101060.1	WP_079937048.1	NMD21_RS20505	Citrobacter portucalensis	bifunctional glycosyl transferase/transpeptidase	complement(4245715..4248255)	species representative; ortholog by 99.2% identity to the panel allele; modal in 1/3 screened Citrobacter portucalensis genomes	2541	846	True
citrobacter	mrcB	mrcB|WP_042289926.1|NZ_BBNB01000010.1|CSE01S_RS14625	ncbi_refseq_auto	GCF_000759835.1	NZ_BBNB01000010.1	WP_042289926.1	CSE01S_RS14625	Citrobacter sedlakii	bifunctional glycosyl transferase/transpeptidase	complement(59698..62238)	species representative; ortholog by 96.4% identity to the panel allele; modal in 1/1 screened Citrobacter sedlakii genomes	2541	846	True
citrobacter	mrdA	mrdA|WP_003022722.1|NZ_LR890181.1|JMV71_RS16965	ncbi_refseq_auto	GCF_904859905.1	NZ_LR890181.1	WP_003022722.1	JMV71_RS16965	Citrobacter freundii MSB1_1H	peptidoglycan DD-transpeptidase MrdA	3462433..3464334	refseq_gene_name	1902	633	True
citrobacter	mrdA	mrdA|WP_006685528.1|NZ_CP101080.1|NMD07_RS17495	ncbi_refseq_auto	GCF_041319875.1	NZ_CP101080.1	WP_006685528.1	NMD07_RS17495	Citrobacter cronae	peptidoglycan DD-transpeptidase MrdA	3608378..3610279	species representative; ortholog by 98.9% identity to the panel allele; modal in 1/1 screened Citrobacter cronae genomes	1902	633	True
citrobacter	mrdA	mrdA|WP_012133351.1|NC_009792.1|CKO_RS10690	ncbi_refseq_auto	GCF_000018045.1	NC_009792.1	WP_012133351.1	CKO_RS10690	Citrobacter koseri	peptidoglycan DD-transpeptidase MrdA	2328368..2330269	species representative; ortholog by 96.7% identity to the panel allele; modal in 3/4 screened Citrobacter koseri genomes	1902	633	True
citrobacter	mrdA	mrdA|WP_057063295.1|NZ_CP099373.1|NFK58_RS17910	ncbi_refseq_auto	GCF_029719225.1	NZ_CP099373.1	WP_057063295.1	NFK58_RS17910	Citrobacter portucalensis	peptidoglycan DD-transpeptidase MrdA	3696969..3698870	species representative; ortholog by 99.4% identity to the panel allele; modal in 2/3 screened Citrobacter portucalensis genomes	1902	633	True
citrobacter	mrdA	mrdA|WP_042285501.1|NZ_BBNB01000002.1|CSE01S_RS05775	ncbi_refseq_auto	GCF_000759835.1	NZ_BBNB01000002.1	WP_042285501.1	CSE01S_RS05775	Citrobacter sedlakii	peptidoglycan DD-transpeptidase MrdA	293168..295069	species representative; ortholog by 96.1% identity to the panel allele; modal in 1/1 screened Citrobacter sedlakii genomes	1902	633	True
citrobacter	ompA	ompA|WP_003035883.1|NZ_LR890181.1|JMV71_RS15375	ncbi_refseq_auto	GCF_904859905.1	NZ_LR890181.1	WP_003035883.1	JMV71_RS15375	Citrobacter freundii MSB1_1H	porin OmpA	3127928..3128974	refseq_gene_name	1047	348	True
citrobacter	ompA	ompA|WP_085048596.1|NZ_CP101080.1|NMD07_RS16000	ncbi_refseq_auto	GCF_041319875.1	NZ_CP101080.1	WP_085048596.1	NMD07_RS16000	Citrobacter cronae	porin OmpA	3293041..3294087	species representative; ortholog by 97.7% identity to the panel allele; modal in 1/1 screened Citrobacter cronae genomes	1047	348	True
citrobacter	ompA	ompA|WP_047463714.1|NZ_CP022073.1|CEP66_RS22820	ncbi_refseq_auto	GCF_002208985.1	NZ_CP022073.1	WP_047463714.1	CEP66_RS22820	Citrobacter koseri	porin OmpA	4621771..4622817	species representative; ortholog by 96.6% identity to the panel allele; modal in 3/4 screened Citrobacter koseri genomes	1047	348	True
citrobacter	ompA	ompA|WP_079938031.1|NZ_CP099373.1|NFK58_RS16115	ncbi_refseq_auto	GCF_029719225.1	NZ_CP099373.1	WP_079938031.1	NFK58_RS16115	Citrobacter portucalensis	porin OmpA	3330073..3331131	species representative; ortholog by 98.0% identity to the panel allele; modal in 2/3 screened Citrobacter portucalensis genomes	1059	352	True
citrobacter	ompA	ompA|WP_042288222.1|NZ_BBNB01000007.1|CSE01S_RS10920	ncbi_refseq_auto	GCF_000759835.1	NZ_BBNB01000007.1	WP_042288222.1	CSE01S_RS10920	Citrobacter sedlakii	porin OmpA	101312..102364	species representative; ortholog by 93.1% identity to the panel allele; modal in 1/1 screened Citrobacter sedlakii genomes	1053	350	True
citrobacter	ompC	ompC|WP_119174249.1|NZ_LR890181.1|JMV71_RS11715	ncbi_refseq_auto	GCF_904859905.1	NZ_LR890181.1	WP_119174249.1	JMV71_RS11715	Citrobacter freundii MSB1_1H	porin OmpC	complement(2388905..2390059)	refseq_gene_name	1155	384	True
citrobacter	ompC	ompC|WP_204526649.1|NZ_CP101080.1|NMD07_RS12280	ncbi_refseq_auto	GCF_041319875.1	NZ_CP101080.1	WP_204526649.1	NMD07_RS12280	Citrobacter cronae	porin OmpC	complement(2545525..2546655)	species representative; ortholog by 94.4% identity to the panel allele; modal in 1/1 screened Citrobacter cronae genomes	1131	376	True
citrobacter	ompC	ompC|WP_012132299.1|NC_009792.1|CKO_RS06095	ncbi_refseq_auto	GCF_000018045.1	NC_009792.1	WP_012132299.1	CKO_RS06095	Citrobacter koseri	porin OmpC	complement(1373582..1374709)	species representative; ortholog by 94.4% identity to the panel allele; modal in 1/4 screened Citrobacter koseri genomes	1128	375	True
citrobacter	ompC	ompC|WP_123267263.1|NZ_CP099373.1|NFK58_RS12095	ncbi_refseq_auto	GCF_029719225.1	NZ_CP099373.1	WP_123267263.1	NFK58_RS12095	Citrobacter portucalensis	porin OmpC	complement(2526794..2527939)	species representative; ortholog by 91.9% identity to the panel allele; modal in 2/3 screened Citrobacter portucalensis genomes	1146	381	True
citrobacter	ompC	ompC|WP_042283255.1|NZ_BBNB01000001.1|CSE01S_RS01400	ncbi_refseq_auto	GCF_000759835.1	NZ_BBNB01000001.1	WP_042283255.1	CSE01S_RS01400	Citrobacter sedlakii	porin OmpC	297862..298977	species representative; ortholog by 88.5% identity to the panel allele; modal in 1/1 screened Citrobacter sedlakii genomes	1116	371	True
citrobacter	ompF	ompF|WP_016149871.1|NZ_LR890181.1|JMV71_RS15480	ncbi_refseq_auto	GCF_904859905.1	NZ_LR890181.1	WP_016149871.1	JMV71_RS15480	Citrobacter freundii MSB1_1H	porin OmpF	3153942..3155018	refseq_gene_name	1077	358	True
citrobacter	ompF	ompF|WP_121528839.1|NZ_CP101080.1|NMD07_RS16105	ncbi_refseq_auto	GCF_041319875.1	NZ_CP101080.1	WP_121528839.1	NMD07_RS16105	Citrobacter cronae	porin OmpF	3318949..3320025	species representative; ortholog by 87.2% identity to the panel allele; modal in 1/1 screened Citrobacter cronae genomes	1077	358	True
citrobacter	ompF	ompF|WP_012132994.1|NC_009792.1|CKO_RS09060	ncbi_refseq_auto	GCF_000018045.1	NC_009792.1	WP_012132994.1	CKO_RS09060	Citrobacter koseri	porin OmpF	1976780..1977868	species representative; ortholog by 87.4% identity to the panel allele; modal in 2/4 screened Citrobacter koseri genomes	1089	362	True
citrobacter	ompF	ompF|WP_370613794.1|NZ_CP101060.1|NMD21_RS16355	ncbi_refseq_auto	GCF_041319845.1	NZ_CP101060.1	WP_370613794.1	NMD21_RS16355	Citrobacter portucalensis	porin OmpF	3352674..3353762	species representative; ortholog by 93.6% identity to the panel allele; modal in 1/3 screened Citrobacter portucalensis genomes	1089	362	True
citrobacter	ompF	ompF|WP_042288074.1|NZ_BBNB01000007.1|CSE01S_RS11025	ncbi_refseq_auto	GCF_000759835.1	NZ_BBNB01000007.1	WP_042288074.1	CSE01S_RS11025	Citrobacter sedlakii	porin OmpF	127211..128326	species representative; ortholog by 87.4% identity to the panel allele; modal in 1/1 screened Citrobacter sedlakii genomes	1116	371	True
citrobacter	ompR	ompR|WP_001157751.1|NZ_LR890181.1|JMV71_RS01545	ncbi_refseq_auto	GCF_904859905.1	NZ_LR890181.1	WP_001157751.1	JMV71_RS01545	Citrobacter freundii MSB1_1H	osmolarity response regulator transcription factor OmpR	333260..333979	refseq_gene_name	720	239	True
citrobacter	phoE	phoE|WP_003031375.1|NZ_LR890181.1|JMV71_RS18830	ncbi_refseq_auto	GCF_904859905.1	NZ_LR890181.1	WP_003031375.1	JMV71_RS18830	Citrobacter freundii MSB1_1H	phosphoporin PhoE	3878093..3879148	refseq_gene_name	1056	351	True
citrobacter	phoE	phoE|WP_204526788.1|NZ_CP101080.1|NMD07_RS19875	ncbi_refseq_auto	GCF_041319875.1	NZ_CP101080.1	WP_204526788.1	NMD07_RS19875	Citrobacter cronae	phosphoporin PhoE	4125811..4126866	species representative; ortholog by 98.3% identity to the panel allele; modal in 1/1 screened Citrobacter cronae genomes	1056	351	True
citrobacter	phoE	phoE|WP_024130644.1|NC_009792.1|CKO_RS12595	ncbi_refseq_auto	GCF_000018045.1	NC_009792.1	WP_024130644.1	CKO_RS12595	Citrobacter koseri	phosphoporin PhoE	2736819..2737871	species representative; ortholog by 85.9% identity to the panel allele; modal in 4/4 screened Citrobacter koseri genomes	1053	350	True
citrobacter	phoE	phoE|WP_079939429.1|NZ_CP101060.1|NMD21_RS19830	ncbi_refseq_auto	GCF_041319845.1	NZ_CP101060.1	WP_079939429.1	NMD21_RS19830	Citrobacter portucalensis	phosphoporin PhoE	4110353..4111408	species representative; ortholog by 99.7% identity to the panel allele; modal in 1/3 screened Citrobacter portucalensis genomes	1056	351	True
citrobacter	phoE	phoE|WP_042286151.1|NZ_BBNB01000002.1|CSE01S_RS07315	ncbi_refseq_auto	GCF_000759835.1	NZ_BBNB01000002.1	WP_042286151.1	CSE01S_RS07315	Citrobacter sedlakii	phosphoporin PhoE	632323..633375	species representative; ortholog by 84.7% identity to the panel allele; modal in 1/1 screened Citrobacter sedlakii genomes	1053	350	True
citrobacter	pmrA	pmrA|WP_003031849.1|NZ_LR890181.1|JMV71_RS21525	ncbi_refseq_auto	GCF_904859905.1	NZ_LR890181.1	WP_003031849.1	JMV71_RS21525	Citrobacter freundii MSB1_1H	two-component system response regulator PmrA	4460798..4461466	refseq_gene_name	669	222	True
citrobacter	pmrA	pmrA|WP_038636427.1|NZ_CP101080.1|NMD07_RS23105	ncbi_refseq_auto	GCF_041319875.1	NZ_CP101080.1	WP_038636427.1	NMD07_RS23105	Citrobacter cronae	two-component system response regulator PmrA	4798976..4799644	species representative; ortholog by 99.1% identity to the panel allele; modal in 1/1 screened Citrobacter cronae genomes	669	222	True
citrobacter	pmrA	pmrA|WP_012134524.1|NC_009792.1|CKO_RS16050	ncbi_refseq_auto	GCF_000018045.1	NC_009792.1	WP_012134524.1	CKO_RS16050	Citrobacter koseri	two-component system response regulator PmrA	3492534..3493202	species representative; ortholog by 91.4% identity to the panel allele; modal in 4/4 screened Citrobacter koseri genomes	669	222	True
citrobacter	pmrA	pmrA|WP_286636000.1|NZ_CP101060.1|NMD21_RS22985	ncbi_refseq_auto	GCF_041319845.1	NZ_CP101060.1	WP_286636000.1	NMD21_RS22985	Citrobacter portucalensis	two-component system response regulator PmrA	4780466..4781134	species representative; ortholog by 98.6% identity to the panel allele; modal in 1/3 screened Citrobacter portucalensis genomes	669	222	True
citrobacter	pmrB	pmrB|WP_230323728.1|NZ_LR890181.1|JMV71_RS21530	ncbi_refseq_auto	GCF_904859905.1	NZ_LR890181.1	WP_230323728.1	JMV71_RS21530	Citrobacter freundii MSB1_1H	two-component system sensor histidine kinase PmrB	4461518..4462549	refseq_gene_name	1032	343	True
citrobacter	pmrB	pmrB|WP_038636424.1|NZ_CP101080.1|NMD07_RS23110	ncbi_refseq_auto	GCF_041319875.1	NZ_CP101080.1	WP_038636424.1	NMD07_RS23110	Citrobacter cronae	two-component system sensor histidine kinase PmrB	4799645..4800727	species representative; ortholog by 95.0% identity to the panel allele; modal in 1/1 screened Citrobacter cronae genomes	1083	360	True
citrobacter	pmrB	pmrB|WP_024130816.1|NC_009792.1|CKO_RS16055	ncbi_refseq_auto	GCF_000018045.1	NC_009792.1	WP_024130816.1	CKO_RS16055	Citrobacter koseri	two-component system sensor histidine kinase PmrB	3493203..3494288	species representative; ortholog by 83.1% identity to the panel allele; modal in 4/4 screened Citrobacter koseri genomes	1086	361	True
citrobacter	pmrB	pmrB|WP_370616570.1|NZ_CP101060.1|NMD21_RS22990	ncbi_refseq_auto	GCF_041319845.1	NZ_CP101060.1	WP_370616570.1	NMD21_RS22990	Citrobacter portucalensis	two-component system sensor histidine kinase PmrB	4781186..4782217	species representative; ortholog by 97.1% identity to the panel allele; modal in 1/3 screened Citrobacter portucalensis genomes	1032	343	True
citrobacter	pmrB	pmrB|WP_042291049.1|NZ_BBNB01000013.1|CSE01S_RS17405	ncbi_refseq_auto	GCF_000759835.1	NZ_BBNB01000013.1	WP_042291049.1	CSE01S_RS17405	Citrobacter sedlakii	two-component system sensor histidine kinase PmrB	52016..53095	species representative; ortholog by 83.2% identity to the panel allele; modal in 1/1 screened Citrobacter sedlakii genomes	1080	359	True
citrobacter	pmrD	pmrD|WP_003839377.1|NZ_LR890181.1|JMV71_RS08065	ncbi_refseq_auto	GCF_904859905.1	NZ_LR890181.1	WP_003839377.1	JMV71_RS08065	Citrobacter freundii MSB1_1H	signal transduction protein PmrD	1649995..1650258	refseq_gene_name	264	87	True
citrobacter	pmrD	pmrD|WP_085047822.1|NZ_CP101080.1|NMD07_RS08430	ncbi_refseq_auto	GCF_041319875.1	NZ_CP101080.1	WP_085047822.1	NMD07_RS08430	Citrobacter cronae	signal transduction protein PmrD	1776390..1776653	species representative; ortholog by 95.4% identity to the panel allele; modal in 1/1 screened Citrobacter cronae genomes	264	87	True
citrobacter	pmrD	pmrD|WP_191228394.1|NZ_CP099373.1|NFK58_RS08395	ncbi_refseq_auto	GCF_029719225.1	NZ_CP099373.1	WP_191228394.1	NFK58_RS08395	Citrobacter portucalensis	signal transduction protein PmrD	1772448..1772711	species representative; ortholog by 90.8% identity to the panel allele; modal in 2/3 screened Citrobacter portucalensis genomes	264	87	True
citrobacter	qseB	qseB|WP_003024547.1|NZ_LR890181.1|JMV71_RS03640	ncbi_refseq_auto	GCF_904859905.1	NZ_LR890181.1	WP_003024547.1	JMV71_RS03640	Citrobacter freundii MSB1_1H	quorum sensing response regulator transcription factor QseB	complement(737662..738321)	refseq_gene_name	660	219	True
citrobacter	qseB	qseB|WP_370621129.1|NZ_CP101080.1|NMD07_RS04150	ncbi_refseq_auto	GCF_041319875.1	NZ_CP101080.1	WP_370621129.1	NMD07_RS04150	Citrobacter cronae	quorum sensing response regulator transcription factor QseB	complement(846060..846719)	species representative; ortholog by 98.2% identity to the panel allele; modal in 1/1 screened Citrobacter cronae genomes	660	219	True
citrobacter	qseB	qseB|WP_012135153.1|NC_009792.1|CKO_RS18840	ncbi_refseq_auto	GCF_000018045.1	NC_009792.1	WP_012135153.1	CKO_RS18840	Citrobacter koseri	quorum sensing response regulator transcription factor QseB	4087040..4087699	species representative; ortholog by 89.0% identity to the panel allele; modal in 2/4 screened Citrobacter koseri genomes	660	219	True
citrobacter	qseB	qseB|WP_123267910.1|NZ_CP099373.1|NFK58_RS03780	ncbi_refseq_auto	GCF_029719225.1	NZ_CP099373.1	WP_123267910.1	NFK58_RS03780	Citrobacter portucalensis	quorum sensing response regulator transcription factor QseB	complement(761123..761782)	species representative; ortholog by 99.5% identity to the panel allele; modal in 2/3 screened Citrobacter portucalensis genomes	660	219	True
citrobacter	qseB	qseB|WP_042289246.1|NZ_BBNB01000009.1|CSE01S_RS13215	ncbi_refseq_auto	GCF_000759835.1	NZ_BBNB01000009.1	WP_042289246.1	CSE01S_RS13215	Citrobacter sedlakii	quorum sensing response regulator transcription factor QseB	73566..74225	species representative; ortholog by 88.6% identity to the panel allele; modal in 1/1 screened Citrobacter sedlakii genomes	660	219	True
citrobacter	qseC	qseC|WP_119174549.1|NZ_LR890181.1|JMV71_RS03635	ncbi_refseq_auto	GCF_904859905.1	NZ_LR890181.1	WP_119174549.1	JMV71_RS03635	Citrobacter freundii MSB1_1H	quorum sensing histidine kinase QseC	complement(736316..737665)	refseq_gene_name	1350	449	True
citrobacter	qseC	qseC|WP_069324346.1|NZ_CP101080.1|NMD07_RS04145	ncbi_refseq_auto	GCF_041319875.1	NZ_CP101080.1	WP_069324346.1	NMD07_RS04145	Citrobacter cronae	quorum sensing histidine kinase QseC	complement(844714..846063)	species representative; ortholog by 85.7% identity to the panel allele; modal in 1/1 screened Citrobacter cronae genomes	1350	449	True
citrobacter	qseC	qseC|WP_012135154.1|NC_009792.1|CKO_RS18845	ncbi_refseq_auto	GCF_000018045.1	NC_009792.1	WP_012135154.1	CKO_RS18845	Citrobacter koseri	quorum sensing histidine kinase QseC	4087696..4089045	species representative; ortholog by 85.1% identity to the panel allele; modal in 1/4 screened Citrobacter koseri genomes	1350	449	True
citrobacter	qseC	qseC|WP_370615236.1|NZ_CP101060.1|NMD21_RS03640	ncbi_refseq_auto	GCF_041319845.1	NZ_CP101060.1	WP_370615236.1	NMD21_RS03640	Citrobacter portucalensis	quorum sensing histidine kinase QseC	complement(740431..741780)	species representative; ortholog by 98.2% identity to the panel allele; modal in 1/3 screened Citrobacter portucalensis genomes	1350	449	True
citrobacter	ramA	ramA|WP_003021996.1|NZ_LR890181.1|JMV71_RS17265	ncbi_refseq_auto	GCF_904859905.1	NZ_LR890181.1	WP_003021996.1	JMV71_RS17265	Citrobacter freundii MSB1_1H	RamA family antibiotic efflux transcriptional regulator	complement(3527309..3527650)	refseq_product=RamA family antibiotic efflux transcriptional regulator	342	113	True
citrobacter	soxR	soxR|WP_003031733.1|NZ_LR890181.1|JMV71_RS21800	ncbi_refseq_auto	GCF_904859905.1	NZ_LR890181.1	WP_003031733.1	JMV71_RS21800	Citrobacter freundii MSB1_1H	redox-sensitive transcriptional activator SoxR	complement(4521197..4521655)	refseq_gene_name	459	152	True
citrobacter	soxR	soxR|WP_003826630.1|NZ_CP101080.1|NMD07_RS23365	ncbi_refseq_auto	GCF_041319875.1	NZ_CP101080.1	WP_003826630.1	NMD07_RS23365	Citrobacter cronae	redox-sensitive transcriptional activator SoxR	complement(4852944..4853402)	species representative; ortholog by 99.3% identity to the panel allele; modal in 1/1 screened Citrobacter cronae genomes	459	152	True
citrobacter	soxR	soxR|WP_049011570.1|NZ_CP022073.1|CEP66_RS05835	ncbi_refseq_auto	GCF_002208985.1	NZ_CP022073.1	WP_049011570.1	CEP66_RS05835	Citrobacter koseri	redox-sensitive transcriptional activator SoxR	complement(1209726..1210184)	species representative; ortholog by 94.1% identity to the panel allele; modal in 3/4 screened Citrobacter koseri genomes	459	152	True
citrobacter	soxR	soxR|WP_042291170.1|NZ_BBNB01000013.1|CSE01S_RS17650	ncbi_refseq_auto	GCF_000759835.1	NZ_BBNB01000013.1	WP_042291170.1	CSE01S_RS17650	Citrobacter sedlakii	redox-sensitive transcriptional activator SoxR	complement(99846..100304)	species representative; ortholog by 94.1% identity to the panel allele; modal in 1/1 screened Citrobacter sedlakii genomes	459	152	True
citrobacter	soxS	soxS|WP_003031731.1|NZ_LR890181.1|JMV71_RS21805	ncbi_refseq_auto	GCF_904859905.1	NZ_LR890181.1	WP_003031731.1	JMV71_RS21805	Citrobacter freundii MSB1_1H	superoxide response transcriptional regulator SoxS	4521742..4522065	refseq_gene_name	324	107	True
citrobacter	soxS	soxS|WP_005132611.1|NZ_CP101080.1|NMD07_RS23370	ncbi_refseq_auto	GCF_041319875.1	NZ_CP101080.1	WP_005132611.1	NMD07_RS23370	Citrobacter cronae	superoxide response transcriptional regulator SoxS	4853489..4853812	species representative; ortholog by 99.1% identity to the panel allele; modal in 1/1 screened Citrobacter cronae genomes	324	107	True
citrobacter	soxS	soxS|WP_012134599.1|NC_009792.1|CKO_RS16360	ncbi_refseq_auto	GCF_000018045.1	NC_009792.1	WP_012134599.1	CKO_RS16360	Citrobacter koseri	superoxide response transcriptional regulator SoxS	3555110..3555433	species representative; ortholog by 96.3% identity to the panel allele; modal in 4/4 screened Citrobacter koseri genomes	324	107	True
citrobacter	soxS	soxS|WP_079938971.1|NZ_CP099373.1|NFK58_RS23360	ncbi_refseq_auto	GCF_029719225.1	NZ_CP099373.1	WP_079938971.1	NFK58_RS23360	Citrobacter portucalensis	superoxide response transcriptional regulator SoxS	4852159..4852482	species representative; ortholog by 99.1% identity to the panel allele; modal in 2/3 screened Citrobacter portucalensis genomes	324	107	True
citrobacter	soxS	soxS|WP_042291172.1|NZ_BBNB01000013.1|CSE01S_RS17655	ncbi_refseq_auto	GCF_000759835.1	NZ_BBNB01000013.1	WP_042291172.1	CSE01S_RS17655	Citrobacter sedlakii	superoxide response transcriptional regulator SoxS	100390..100713	species representative; ortholog by 95.3% identity to the panel allele; modal in 1/1 screened Citrobacter sedlakii genomes	324	107	True
citrobacter	tolC	tolC|WP_085951568.1|NZ_LR890181.1|JMV71_RS03575	ncbi_refseq_auto	GCF_904859905.1	NZ_LR890181.1	WP_085951568.1	JMV71_RS03575	Citrobacter freundii MSB1_1H	outer membrane channel protein TolC	complement(723753..725231)	refseq_gene_name	1479	492	True
citrobacter	tolC	tolC|WP_087856820.1|NZ_CP101080.1|NMD07_RS04105	ncbi_refseq_auto	GCF_041319875.1	NZ_CP101080.1	WP_087856820.1	NMD07_RS04105	Citrobacter cronae	outer membrane channel protein TolC	complement(837495..838973)	species representative; ortholog by 97.3% identity to the panel allele; modal in 1/1 screened Citrobacter cronae genomes	1479	492	True
citrobacter	tolC	tolC|WP_012135166.1|NC_009792.1|CKO_RS18905	ncbi_refseq_auto	GCF_000018045.1	NC_009792.1	WP_012135166.1	CKO_RS18905	Citrobacter koseri	outer membrane channel protein TolC	4100243..4101712	species representative; ortholog by 94.4% identity to the panel allele; modal in 3/4 screened Citrobacter koseri genomes	1470	489	True
citrobacter	tolC	tolC|WP_370615231.1|NZ_CP101060.1|NMD21_RS03600	ncbi_refseq_auto	GCF_041319845.1	NZ_CP101060.1	WP_370615231.1	NMD21_RS03600	Citrobacter portucalensis	outer membrane channel protein TolC	complement(733192..734682)	species representative; ortholog by 98.2% identity to the panel allele; modal in 1/3 screened Citrobacter portucalensis genomes	1491	496	True
citrobacter	tolC	tolC|WP_082636857.1|NZ_BBNB01000009.1|CSE01S_RS13285	ncbi_refseq_auto	GCF_000759835.1	NZ_BBNB01000009.1	WP_082636857.1	CSE01S_RS13285	Citrobacter sedlakii	outer membrane channel protein TolC	88050..89525	species representative; ortholog by 93.6% identity to the panel allele; modal in 1/1 screened Citrobacter sedlakii genomes	1476	491	True
citrobacter	tonB	tonB|WP_168150127.1|NZ_LR890181.1|JMV71_RS11250	ncbi_refseq_auto	GCF_904859905.1	NZ_LR890181.1	WP_168150127.1	JMV71_RS11250	Citrobacter freundii MSB1_1H	TonB system transport protein TonB	2297048..2297776	refseq_gene_name	729	242	True
citrobacter	tonB	tonB|WP_038643203.1|NZ_CP101080.1|NMD07_RS11760	ncbi_refseq_auto	GCF_041319875.1	NZ_CP101080.1	WP_038643203.1	NMD07_RS11760	Citrobacter cronae	TonB system transport protein TonB	2442167..2442883	species representative; ortholog by 94.5% identity to the panel allele; modal in 1/1 screened Citrobacter cronae genomes	717	238	True
citrobacter	tonB	tonB|WP_071259038.1|NZ_AP023452.1|MPUCK001_RS12265	ncbi_refseq_auto	GCF_014679775.1	NZ_AP023452.1	WP_071259038.1	MPUCK001_RS12265	Citrobacter koseri	TonB system transport protein TonB	complement(2620964..2621674)	species representative; ortholog by 92.4% identity to the panel allele; modal in 2/4 screened Citrobacter koseri genomes	711	236	True
citrobacter	tonB	tonB|WP_370616282.1|NZ_CP101060.1|NMD21_RS11620	ncbi_refseq_auto	GCF_041319845.1	NZ_CP101060.1	WP_370616282.1	NMD21_RS11620	Citrobacter portucalensis	TonB system transport protein TonB	2411988..2412716	species representative; ortholog by 98.3% identity to the panel allele; modal in 1/3 screened Citrobacter portucalensis genomes	729	242	True
citrobacter	tonB	tonB|WP_042284704.1|NZ_BBNB01000001.1|CSE01S_RS01870	ncbi_refseq_auto	GCF_000759835.1	NZ_BBNB01000001.1	WP_042284704.1	CSE01S_RS01870	Citrobacter sedlakii	TonB system transport protein TonB	complement(393264..393998)	species representative; ortholog by 92.3% identity to the panel allele; modal in 1/1 screened Citrobacter sedlakii genomes	735	244	True
citrobacter	ugd	ugd|WP_119174369.1|NZ_LR890181.1|JMV71_RS09275	ncbi_refseq_auto	GCF_904859905.1	NZ_LR890181.1	WP_119174369.1	JMV71_RS09275	Citrobacter freundii MSB1_1H	UDP-glucose 6-dehydrogenase	1926518..1927684	refseq_gene_name	1167	388	True
citrobacter	ugd	ugd|WP_085047951.1|NZ_CP101080.1|NMD07_RS09655	ncbi_refseq_auto	GCF_041319875.1	NZ_CP101080.1	WP_085047951.1	NMD07_RS09655	Citrobacter cronae	UDP-glucose 6-dehydrogenase	2060713..2061879	species representative; ortholog by 97.2% identity to the panel allele; modal in 1/1 screened Citrobacter cronae genomes	1167	388	True
citrobacter	ugd	ugd|WP_012131732.1|NC_009792.1|CKO_RS03280	ncbi_refseq_auto	GCF_000018045.1	NC_009792.1	WP_012131732.1	CKO_RS03280	Citrobacter koseri	UDP-glucose 6-dehydrogenase	733127..734293	species representative; ortholog by 84.9% identity to the panel allele; modal in 1/4 screened Citrobacter koseri genomes	1167	388	True
citrobacter	ugd	ugd|WP_286637117.1|NZ_CP101060.1|NMD21_RS09050	ncbi_refseq_auto	GCF_041319845.1	NZ_CP101060.1	WP_286637117.1	NMD21_RS09050	Citrobacter portucalensis	UDP-glucose 6-dehydrogenase	1949007..1950173	species representative; ortholog by 89.2% identity to the panel allele; modal in 1/2 screened Citrobacter portucalensis genomes	1167	388	True
citrobacter	ugd	ugd|WP_042284261.1|NZ_BBNB01000001.1|CSE01S_RS03510	ncbi_refseq_auto	GCF_000759835.1	NZ_BBNB01000001.1	WP_042284261.1	CSE01S_RS03510	Citrobacter sedlakii	UDP-glucose 6-dehydrogenase	complement(705815..706981)	species representative; ortholog by 85.9% identity to the panel allele; modal in 1/1 screened Citrobacter sedlakii genomes	1167	388	True
e_coli	acrA	acrA|NP_414996.1|NC_000913.3|b0463	ncbi_refseq_auto	GCF_000005845.2	NC_000913.3	NP_414996.1	b0463	Escherichia coli str. K-12 substr. MG1655	multidrug efflux pump membrane fusion lipoprotein AcrA	complement(484426..485619)	refseq_gene_name	1194	397	True
e_coli	acrB	acrB|NP_414995.1|NC_000913.3|b0462	ncbi_refseq_auto	GCF_000005845.2	NC_000913.3	NP_414995.1	b0462	Escherichia coli str. K-12 substr. MG1655	multidrug efflux pump RND permease AcrB	complement(481254..484403)	refseq_gene_name	3150	1049	True
e_coli	acrD	acrD|NP_416965.1|NC_000913.3|b2470	ncbi_refseq_auto	GCF_000005845.2	NC_000913.3	NP_416965.1	b2470	Escherichia coli str. K-12 substr. MG1655	multidrug efflux pump RND permease AcrD	2587595..2590708	refseq_gene_name	3114	1037	True
e_coli	acrR	acrR|NP_414997.1|NC_000913.3|b0464	ncbi_refseq_auto	GCF_000005845.2	NC_000913.3	NP_414997.1	b0464	Escherichia coli str. K-12 substr. MG1655	DNA-binding transcriptional repressor AcrR	485761..486408	refseq_gene_name	648	215	True
e_coli	ampC	ampC|NP_418574.1|NC_000913.3|b4150	ncbi_refseq_auto	GCF_000005845.2	NC_000913.3	NP_418574.1	b4150	Escherichia coli str. K-12 substr. MG1655	beta-lactamase	complement(4377811..4378944)	refseq_gene_name	1134	377	True
e_coli	ampD	ampD|NP_414652.1|NC_000913.3|b0110	ncbi_refseq_auto	GCF_000005845.2	NC_000913.3	NP_414652.1	b0110	Escherichia coli str. K-12 substr. MG1655	1,6-anhydro-N-acetylmuramoyl-L-alanine amidase	118733..119284	refseq_gene_name	552	183	True
e_coli	ampG	ampG|NP_414967.1|NC_000913.3|b0433	ncbi_refseq_auto	GCF_000005845.2	NC_000913.3	NP_414967.1	b0433	Escherichia coli str. K-12 substr. MG1655	muropeptide:H(+) symporter	complement(452070..453545)	refseq_gene_name	1476	491	True
e_coli	arnA	arnA|NP_416758.1|NC_000913.3|b2255	ncbi_refseq_auto	GCF_000005845.2	NC_000913.3	NP_416758.1	b2255	Escherichia coli str. K-12 substr. MG1655	fused UDP-4-amino-4-deoxy-L-arabinose formyltransferase/UDP-glucuronate dehydrogenase	2368039..2370021	refseq_gene_name	1983	660	True
e_coli	arnB	arnB|NP_416756.6|NC_000913.3|b2253	ncbi_refseq_auto	GCF_000005845.2	NC_000913.3	NP_416756.6	b2253	Escherichia coli str. K-12 substr. MG1655	UDP-4-amino-4-deoxy-L-arabinose aminotransferase	2365910..2367067	refseq_gene_name	1158	385	True
e_coli	arnC	arnC|NP_416757.1|NC_000913.3|b2254	ncbi_refseq_auto	GCF_000005845.2	NC_000913.3	NP_416757.1	b2254	Escherichia coli str. K-12 substr. MG1655	undecaprenyl-phosphate 4-deoxy-4-formamido-L-arabinose transferase	2367071..2368039	refseq_gene_name	969	322	True
e_coli	arnD	arnD|NP_416759.1|NC_000913.3|b2256	ncbi_refseq_auto	GCF_000005845.2	NC_000913.3	NP_416759.1	b2256	Escherichia coli str. K-12 substr. MG1655	putative 4-deoxy-4-formamido-L-arabinose-phosphoundecaprenol deformylase ArnD	2370018..2370908	refseq_gene_name	891	296	True
e_coli	arnE	arnE|YP_588462.1|NC_000913.3|b4544	ncbi_refseq_auto	GCF_000005845.2	NC_000913.3	YP_588462.1	b4544	Escherichia coli str. K-12 substr. MG1655	undecaprenyl-phosphate-alpha-L-Ara4N flippase - ArnE subunit	2372557..2372892	refseq_gene_name	336	111	True
e_coli	arnF	arnF|NP_416761.4|NC_000913.3|b2258	ncbi_refseq_auto	GCF_000005845.2	NC_000913.3	NP_416761.4	b2258	Escherichia coli str. K-12 substr. MG1655	undecaprenyl-phosphate-alpha-L-Ara4N flippase - ArnF subunit	2372892..2373278	refseq_gene_name	387	128	True
e_coli	arnT	arnT|NP_416760.1|NC_000913.3|b2257	ncbi_refseq_auto	GCF_000005845.2	NC_000913.3	NP_416760.1	b2257	Escherichia coli str. K-12 substr. MG1655	lipid IVA 4-amino-4-deoxy-L-arabinosyltransferase	2370908..2372560	refseq_gene_name	1653	550	True
e_coli	cirA	cirA|NP_416660.1|NC_000913.3|b2155	ncbi_refseq_auto	GCF_000005845.2	NC_000913.3	NP_416660.1	b2155	Escherichia coli str. K-12 substr. MG1655	Fe-catecholate outer membrane transporter CirA	complement(2244778..2246769)	refseq_gene_name	1992	663	True
e_coli	dacB	dacB|NP_417649.1|NC_000913.3|b3182	ncbi_refseq_auto	GCF_000005845.2	NC_000913.3	NP_417649.1	b3182	Escherichia coli str. K-12 substr. MG1655	peptidoglycan DD-endopeptidase DacB	3328963..3330396	refseq_gene_name	1434	477	True
e_coli	emrA	emrA|NP_417170.1|NC_000913.3|b2685	ncbi_refseq_auto	GCF_000005845.2	NC_000913.3	NP_417170.1	b2685	Escherichia coli str. K-12 substr. MG1655	multidrug efflux pump membrane fusion protein EmrA	2811427..2812599	refseq_gene_name	1173	390	True
e_coli	emrB	emrB|NP_417171.1|NC_000913.3|b2686	ncbi_refseq_auto	GCF_000005845.2	NC_000913.3	NP_417171.1	b2686	Escherichia coli str. K-12 substr. MG1655	multidrug efflux pump membrane subunit EmrB	2812616..2814154	refseq_gene_name	1539	512	True
e_coli	emrR	emrR|NP_417169.1|NC_000913.3|b2684	ncbi_refseq_auto	GCF_000005845.2	NC_000913.3	NP_417169.1	b2684	Escherichia coli str. K-12 substr. MG1655	DNA-binding transcriptional regulator MprA	2810770..2811300	refseq_gene_name	531	176	True
e_coli	envZ	envZ|NP_417863.1|NC_000913.3|b3404	ncbi_refseq_auto	GCF_000005845.2	NC_000913.3	NP_417863.1	b3404	Escherichia coli str. K-12 substr. MG1655	sensor histidine kinase EnvZ	complement(3534516..3535868)	refseq_gene_name	1353	450	True
e_coli	eptA	eptA|NP_418538.2|NC_000913.3|b4114	ncbi_refseq_auto	GCF_000005845.2	NC_000913.3	NP_418538.2	b4114	Escherichia coli str. K-12 substr. MG1655	phosphoethanolamine transferase EptA	complement(4333947..4335590)	refseq_gene_name	1644	547	True
e_coli	exbB	exbB|NP_417479.1|NC_000913.3|b3006	ncbi_refseq_auto	GCF_000005845.2	NC_000913.3	NP_417479.1	b3006	Escherichia coli str. K-12 substr. MG1655	Ton complex subunit ExbB	complement(3151250..3151984)	refseq_gene_name	735	244	True
e_coli	exbD	exbD|NP_417478.1|NC_000913.3|b3005	ncbi_refseq_auto	GCF_000005845.2	NC_000913.3	NP_417478.1	b3005	Escherichia coli str. K-12 substr. MG1655	Ton complex subunit ExbD	complement(3150818..3151243)	refseq_gene_name	426	141	True
e_coli	fecA	fecA|NP_418711.1|NC_000913.3|b4291	ncbi_refseq_auto	GCF_000005845.2	NC_000913.3	NP_418711.1	b4291	Escherichia coli str. K-12 substr. MG1655	ferric citrate outer membrane transporter	complement(4514353..4516677)	refseq_gene_name	2325	774	True
e_coli	fepA	fepA|NP_415116.1|NC_000913.3|b0584	ncbi_refseq_auto	GCF_000005845.2	NC_000913.3	NP_415116.1	b0584	Escherichia coli str. K-12 substr. MG1655	ferric enterobactin outer membrane transporter	complement(610254..612494)	refseq_gene_name	2241	746	True
e_coli	fhuA	fhuA|NP_414692.1|NC_000913.3|b0150	ncbi_refseq_auto	GCF_000005845.2	NC_000913.3	NP_414692.1	b0150	Escherichia coli str. K-12 substr. MG1655	ferrichrome outer membrane transporter/phage receptor	167484..169727	refseq_gene_name	2244	747	True
e_coli	fiu	fiu|NP_415326.1|NC_000913.3|b0805	ncbi_refseq_auto	GCF_000005845.2	NC_000913.3	NP_415326.1	b0805	Escherichia coli str. K-12 substr. MG1655	Fe catecholate outer membrane transporter Fiu	complement(839249..841531)	refseq_gene_name	2283	760	True
e_coli	ftsH	ftsH|NP_417645.1|NC_000913.3|b3178	ncbi_refseq_auto	GCF_000005845.2	NC_000913.3	NP_417645.1	b3178	Escherichia coli str. K-12 substr. MG1655	ATP-dependent zinc metalloprotease FtsH	complement(3325001..3326935)	refseq_gene_name	1935	644	True
e_coli	ftsI	ftsI|NP_414626.1|NC_000913.3|b0084	ncbi_refseq_auto	GCF_000005845.2	NC_000913.3	NP_414626.1	b0084	Escherichia coli str. K-12 substr. MG1655	peptidoglycan DD-transpeptidase FtsI	91413..93179	refseq_gene_name	1767	588	True
e_coli	ftsI	ftsI|WP_000642196.1|NC_011415.1|ECSE_RS00435	ncbi_refseq_auto	GCF_000010385.1	NC_011415.1	WP_000642196.1	ECSE_RS00435	-	peptidoglycan glycosyltransferase FtsI	-	clermont_phylogroup_representative; ezclermont_0.7.0; modal in 126/139 screened genomes; 100.0% id to panel allele	1767	588	True
e_coli	ftsI	ftsI|WP_000642208.1|NC_007946.1|UTI89_RS00460	ncbi_refseq_auto	GCF_000013265.1	NC_007946.1	WP_000642208.1	UTI89_RS00460	-	peptidoglycan glycosyltransferase FtsI	-	clermont_phylogroup_representative; ezclermont_0.7.0; modal in 47/78 screened genomes; 99.7% id to panel allele	1767	588	True
e_coli	ftsI	ftsI|WP_000642196.1|NZ_CP068035.1|JKF55_RS04935	ncbi_refseq_auto	GCF_016696665.1	NZ_CP068035.1	WP_000642196.1	JKF55_RS04935	-	peptidoglycan glycosyltransferase FtsI	-	clermont_phylogroup_representative; ezclermont_0.7.0; modal in 5/5 screened genomes; 100.0% id to panel allele	1767	588	True
e_coli	ftsI	ftsI|WP_000642196.1|NZ_CP032515.1|Eco118UI_RS00440	ncbi_refseq_auto	GCF_003627855.1	NZ_CP032515.1	WP_000642196.1	Eco118UI_RS00440	-	peptidoglycan glycosyltransferase FtsI	-	clermont_phylogroup_representative; ezclermont_0.7.0; modal in 24/34 screened genomes; 100.0% id to panel allele	1767	588	True
e_coli	ftsI	ftsI|NP_308115.1|NC_002695.2|ECs_0088	ncbi_refseq_auto	GCF_000008865.2	NC_002695.2	NP_308115.1	ECs_0088	-	cell division protein FtsI	-	clermont_phylogroup_representative; ezclermont_0.7.0; modal in 38/50 screened genomes; 100.0% id to panel allele	1767	588	True
e_coli	ftsI	ftsI|WP_000642212.1|NC_010498.1|ECSMS35_RS00460	ncbi_refseq_auto	GCF_000019645.1	NC_010498.1	WP_000642212.1	ECSMS35_RS00460	-	peptidoglycan glycosyltransferase FtsI	-	clermont_phylogroup_representative; ezclermont_0.7.0; modal in 12/12 screened genomes; 99.7% id to panel allele	1767	588	True
e_coli	ftsI	ftsI|WP_000642212.1|NZ_CP024138.1|CR537_RS20645	ncbi_refseq_auto	GCF_002853715.1	NZ_CP024138.1	WP_000642212.1	CR537_RS20645	-	peptidoglycan glycosyltransferase FtsI	-	clermont_phylogroup_representative; ezclermont_0.7.0; modal in 7/10 screened genomes; 99.7% id to panel allele	1767	588	True
e_coli	lapB	lapB|NP_415796.1|NC_000913.3|b1280	ncbi_refseq_auto	GCF_000005845.2	NC_000913.3	NP_415796.1	b1280	Escherichia coli str. K-12 substr. MG1655	lipopolysaccharide assembly protein B	1340558..1341727	refseq_gene_name	1170	389	True
e_coli	lapC	lapC|NP_416693.1|NC_000913.3|b2188	ncbi_refseq_auto	GCF_000005845.2	NC_000913.3	NP_416693.1	b2188	Escherichia coli str. K-12 substr. MG1655	lipopolysaccharide signal transducer LapC	2284376..2286136	refseq_gene_name	1761	586	True
e_coli	lpxC	lpxC|NP_414638.1|NC_000913.3|b0096	ncbi_refseq_auto	GCF_000005845.2	NC_000913.3	NP_414638.1	b0096	Escherichia coli str. K-12 substr. MG1655	UDP-3-O-acyl-N-acetylglucosamine deacetylase	106557..107474	refseq_gene_name	918	305	True
e_coli	marA	marA|NP_416048.2|NC_000913.3|b1531	ncbi_refseq_auto	GCF_000005845.2	NC_000913.3	NP_416048.2	b1531	Escherichia coli str. K-12 substr. MG1655	DNA-binding transcriptional dual regulator MarA	1619574..1619957	refseq_gene_name	384	127	True
e_coli	marR	marR|NP_416047.4|NC_000913.3|b1530	ncbi_refseq_auto	GCF_000005845.2	NC_000913.3	NP_416047.4	b1530	Escherichia coli str. K-12 substr. MG1655	DNA-binding transcriptional repressor MarR	1619120..1619554	refseq_gene_name	435	144	True
e_coli	mdtE	mdtE|NP_417970.1|NC_000913.3|b3513	ncbi_refseq_auto	GCF_000005845.2	NC_000913.3	NP_417970.1	b3513	Escherichia coli str. K-12 substr. MG1655	multidrug efflux pump membrane fusion protein MdtE	3659232..3660389	refseq_gene_name	1158	385	True
e_coli	mdtF	mdtF|NP_417971.1|NC_000913.3|b3514	ncbi_refseq_auto	GCF_000005845.2	NC_000913.3	NP_417971.1	b3514	Escherichia coli str. K-12 substr. MG1655	multidrug efflux pump RND permease MdtF	3660414..3663527	refseq_gene_name	3114	1037	True
e_coli	mdtK	mdtK|YP_025307.1|NC_000913.3|b1663	ncbi_refseq_auto	GCF_000005845.2	NC_000913.3	YP_025307.1	b1663	Escherichia coli str. K-12 substr. MG1655	multidrug efflux pump MdtK	1743457..1744830	refseq_gene_name	1374	457	True
e_coli	mrcA	mrcA|NP_417855.4|NC_000913.3|b3396	ncbi_refseq_auto	GCF_000005845.2	NC_000913.3	NP_417855.4	b3396	Escherichia coli str. K-12 substr. MG1655	peptidoglycan glycosyltransferase/peptidoglycan DD-transpeptidase MrcA	3522871..3525423	refseq_gene_name	2553	850	True
e_coli	mrcB	mrcB|NP_414691.1|NC_000913.3|b0149	ncbi_refseq_auto	GCF_000005845.2	NC_000913.3	NP_414691.1	b0149	Escherichia coli str. K-12 substr. MG1655	peptidoglycan glycosyltransferase/peptidoglycan DD-transpeptidase MrcB	164730..167264	refseq_gene_name	2535	844	True
e_coli	mrdA	mrdA|NP_415168.1|NC_000913.3|b0635	ncbi_refseq_auto	GCF_000005845.2	NC_000913.3	NP_415168.1	b0635	Escherichia coli str. K-12 substr. MG1655	peptidoglycan DD-transpeptidase MrdA	complement(666316..668217)	refseq_gene_name	1902	633	True
e_coli	ompA	ompA|NP_415477.1|NC_000913.3|b0957	ncbi_refseq_auto	GCF_000005845.2	NC_000913.3	NP_415477.1	b0957	Escherichia coli str. K-12 substr. MG1655	outer membrane protein A	complement(1019013..1020053)	refseq_gene_name	1041	346	True
e_coli	ompC	ompC|NP_416719.1|NC_000913.3|b2215	ncbi_refseq_auto	GCF_000005845.2	NC_000913.3	NP_416719.1	b2215	Escherichia coli str. K-12 substr. MG1655	outer membrane porin C	complement(2311646..2312749)	refseq_gene_name	1104	367	True
e_coli	ompC	ompC|WP_000865576.1|NZ_CP012693.1|FORC28_RS09070	ncbi_refseq_auto	GCF_001721125.1	NZ_CP012693.1	WP_000865576.1	FORC28_RS09070	-	porin OmpC	-	clermont_phylogroup_representative; ezclermont_0.7.0; modal in 85/137 screened genomes; 97.2% id to panel allele	1092	363	True
e_coli	ompC	ompC|WP_000865543.1|NZ_CP016497.1|BB344_RS01640	ncbi_refseq_auto	GCF_001693315.1	NZ_CP016497.1	WP_000865543.1	BB344_RS01640	-	porin OmpC	-	clermont_phylogroup_representative; ezclermont_0.7.0; modal in 34/78 screened genomes; 92.6% id to panel allele	1128	375	True
e_coli	ompC	ompC|WP_000865577.1|NZ_CP091018.1|L1O94_RS08755	ncbi_refseq_auto	GCF_021534885.1	NZ_CP091018.1	WP_000865577.1	L1O94_RS08755	-	porin OmpC	-	clermont_phylogroup_representative; ezclermont_0.7.0; modal in 4/5 screened genomes; 97.2% id to panel allele	1104	367	True
e_coli	ompC	ompC|WP_000865559.1|NZ_CP032515.1|Eco118UI_RS12910	ncbi_refseq_auto	GCF_003627855.1	NZ_CP032515.1	WP_000865559.1	Eco118UI_RS12910	-	porin OmpC	-	clermont_phylogroup_representative; ezclermont_0.7.0; modal in 18/35 screened genomes; 96.7% id to panel allele	1104	367	True
e_coli	ompC	ompC|NP_311131.1|NC_002695.2|ECs_3104	ncbi_refseq_auto	GCF_000008865.2	NC_002695.2	NP_311131.1	ECs_3104	-	outer membrane porin OmpC	-	clermont_phylogroup_representative; ezclermont_0.7.0; modal in 37/49 screened genomes; 96.4% id to panel allele	1104	367	True
e_coli	ompC	ompC|WP_000865538.1|NC_010498.1|ECSMS35_RS12000	ncbi_refseq_auto	GCF_000019645.1	NC_010498.1	WP_000865538.1	ECSMS35_RS12000	-	porin OmpC	-	clermont_phylogroup_representative; ezclermont_0.7.0; modal in 9/12 screened genomes; 94.6% id to panel allele	1095	364	True
e_coli	ompC	ompC|WP_000865545.1|NZ_CP024138.1|CR537_RS08560	ncbi_refseq_auto	GCF_002853715.1	NZ_CP024138.1	WP_000865545.1	CR537_RS08560	-	porin OmpC	-	clermont_phylogroup_representative; ezclermont_0.7.0; modal in 6/10 screened genomes; 93.7% id to panel allele	1128	375	True
e_coli	ompF	ompF|NP_415449.1|NC_000913.3|b0929	ncbi_refseq_auto	GCF_000005845.2	NC_000913.3	NP_415449.1	b0929	Escherichia coli str. K-12 substr. MG1655	outer membrane porin F	complement(985894..986982)	refseq_gene_name	1089	362	True
e_coli	ompF	ompF|WP_000977920.1|NC_011415.1|ECSE_RS05160	ncbi_refseq_auto	GCF_000010385.1	NC_011415.1	WP_000977920.1	ECSE_RS05160	-	porin OmpF	-	clermont_phylogroup_representative; ezclermont_0.7.0; modal in 124/132 screened genomes; 100.0% id to panel allele	1089	362	True
e_coli	ompF	ompF|WP_000977927.1|NC_007946.1|UTI89_RS04815	ncbi_refseq_auto	GCF_000013265.1	NC_007946.1	WP_000977927.1	UTI89_RS04815	-	porin OmpF	-	clermont_phylogroup_representative; ezclermont_0.7.0; modal in 60/75 screened genomes; 98.9% id to panel allele	1089	362	True
e_coli	ompF	ompF|WP_000977920.1|NZ_CP068035.1|JKF55_RS09130	ncbi_refseq_auto	GCF_016696665.1	NZ_CP068035.1	WP_000977920.1	JKF55_RS09130	-	porin OmpF	-	clermont_phylogroup_representative; ezclermont_0.7.0; modal in 5/5 screened genomes; 100.0% id to panel allele	1089	362	True
e_coli	ompF	ompF|WP_000977917.1|NZ_CP063492.1|IQS14_RS12320	ncbi_refseq_auto	GCF_016944675.1	NZ_CP063492.1	WP_000977917.1	IQS14_RS12320	-	porin OmpF	-	clermont_phylogroup_representative; ezclermont_0.7.0; modal in 20/34 screened genomes; 99.7% id to panel allele	1089	362	True
e_coli	ompF	ompF|NP_309039.1|NC_002695.2|ECs_1012	ncbi_refseq_auto	GCF_000008865.2	NC_002695.2	NP_309039.1	ECs_1012	-	outer membrane porin OmpF	-	clermont_phylogroup_representative; ezclermont_0.7.0; modal in 40/48 screened genomes; 99.4% id to panel allele	1089	362	True
e_coli	ompF	ompF|WP_000977905.1|NC_010498.1|ECSMS35_RS11105	ncbi_refseq_auto	GCF_000019645.1	NC_010498.1	WP_000977905.1	ECSMS35_RS11105	-	porin OmpF	-	clermont_phylogroup_representative; ezclermont_0.7.0; modal in 11/12 screened genomes; 95.2% id to panel allele	1074	357	True
e_coli	ompF	ompF|WP_000977917.1|NZ_CP024138.1|CR537_RS15880	ncbi_refseq_auto	GCF_002853715.1	NZ_CP024138.1	WP_000977917.1	CR537_RS15880	-	porin OmpF	-	clermont_phylogroup_representative; ezclermont_0.7.0; modal in 9/11 screened genomes; 99.7% id to panel allele	1089	362	True
e_coli	ompR	ompR|NP_417864.1|NC_000913.3|b3405	ncbi_refseq_auto	GCF_000005845.2	NC_000913.3	NP_417864.1	b3405	Escherichia coli str. K-12 substr. MG1655	DNA-binding transcriptional dual regulator OmpR	complement(3535865..3536584)	refseq_gene_name	720	239	True
e_coli	phoE	phoE|NP_414776.1|NC_000913.3|b0241	ncbi_refseq_auto	GCF_000005845.2	NC_000913.3	NP_414776.1	b0241	Escherichia coli str. K-12 substr. MG1655	outer membrane porin PhoE	complement(259045..260100)	refseq_gene_name	1056	351	True
e_coli	phoE	phoE|WP_000749860.1|NZ_CP012693.1|FORC28_RS23685	ncbi_refseq_auto	GCF_001721125.1	NZ_CP012693.1	WP_000749860.1	FORC28_RS23685	-	phosphoporin PhoE	-	clermont_phylogroup_representative; ezclermont_0.7.0; modal in 79/139 screened genomes; 99.7% id to panel allele	1056	351	True
e_coli	phoE	phoE|WP_000749899.1|NZ_CP016497.1|BB344_RS12395	ncbi_refseq_auto	GCF_001693315.1	NZ_CP016497.1	WP_000749899.1	BB344_RS12395	-	phosphoporin PhoE	-	clermont_phylogroup_representative; ezclermont_0.7.0; modal in 47/77 screened genomes; 98.9% id to panel allele	1056	351	True
e_coli	phoE	phoE|WP_000749881.1|NZ_CP091018.1|L1O94_RS20675	ncbi_refseq_auto	GCF_021534885.1	NZ_CP091018.1	WP_000749881.1	L1O94_RS20675	-	phosphoporin PhoE	-	clermont_phylogroup_representative; ezclermont_0.7.0; modal in 4/5 screened genomes; 99.7% id to panel allele	1056	351	True
e_coli	phoE	phoE|WP_000749881.1|NZ_CP015229.1|GJ11_RS03525	ncbi_refseq_auto	GCF_001677475.2	NZ_CP015229.1	WP_000749881.1	GJ11_RS03525	-	phosphoporin PhoE	-	clermont_phylogroup_representative; ezclermont_0.7.0; modal in 33/36 screened genomes; 99.7% id to panel allele	1056	351	True
e_coli	phoE	phoE|NP_308295.1|NC_002695.2|ECs_0268	ncbi_refseq_auto	GCF_000008865.2	NC_002695.2	NP_308295.1	ECs_0268	-	outer membrane phosphoporin protein E	-	clermont_phylogroup_representative; ezclermont_0.7.0; modal in 43/48 screened genomes; 99.7% id to panel allele	1056	351	True
e_coli	phoE	phoE|WP_022645228.1|NZ_CP048107.1|GWK05_RS19300	ncbi_refseq_auto	GCF_010092965.1	NZ_CP048107.1	WP_022645228.1	GWK05_RS19300	-	phosphoporin PhoE	-	clermont_phylogroup_representative; ezclermont_0.7.0; modal in 6/12 screened genomes; 99.4% id to panel allele	1056	351	True
e_coli	phoE	phoE|WP_000749899.1|NZ_CP104523.1|N5O80_RS04750	ncbi_refseq_auto	GCF_025369795.1	NZ_CP104523.1	WP_000749899.1	N5O80_RS04750	-	phosphoporin PhoE	-	clermont_phylogroup_representative; ezclermont_0.7.0; modal in 6/11 screened genomes; 98.9% id to panel allele	1056	351	True
e_coli	pmrA	pmrA|NP_418537.1|NC_000913.3|b4113	ncbi_refseq_auto	GCF_000005845.2	NC_000913.3	NP_418537.1	b4113	Escherichia coli str. K-12 substr. MG1655	DNA-binding transcriptional dual regulator BasR	complement(4333282..4333950)	refseq_gene_name	669	222	True
e_coli	pmrB	pmrB|NP_418536.1|NC_000913.3|b4112	ncbi_refseq_auto	GCF_000005845.2	NC_000913.3	NP_418536.1	b4112	Escherichia coli str. K-12 substr. MG1655	sensor histidine kinase BasS	complement(4332181..4333272)	refseq_gene_name	1092	363	True
e_coli	pmrD	pmrD|NP_416762.2|NC_000913.3|b2259	ncbi_refseq_auto	GCF_000005845.2	NC_000913.3	NP_416762.2	b2259	Escherichia coli str. K-12 substr. MG1655	signal transduction protein PmrD	complement(2373272..2373538)	refseq_gene_name	267	88	True
e_coli	qseB	qseB|NP_417497.1|NC_000913.3|b3025	ncbi_refseq_auto	GCF_000005845.2	NC_000913.3	NP_417497.1	b3025	Escherichia coli str. K-12 substr. MG1655	DNA-binding transcriptional activator QseB	3169828..3170487	refseq_gene_name	660	219	True
e_coli	qseC	qseC|NP_417498.1|NC_000913.3|b3026	ncbi_refseq_auto	GCF_000005845.2	NC_000913.3	NP_417498.1	b3026	Escherichia coli str. K-12 substr. MG1655	sensor histidine kinase QseC	3170484..3171833	refseq_gene_name	1350	449	True
e_coli	rob	rob|NP_418813.1|NC_000913.3|b4396	ncbi_refseq_auto	GCF_000005845.2	NC_000913.3	NP_418813.1	b4396	Escherichia coli str. K-12 substr. MG1655	DNA-binding transcriptional dual regulator Rob	complement(4634441..4635310)	refseq_gene_name	870	289	True
e_coli	soxR	soxR|NP_418487.1|NC_000913.3|b4063	ncbi_refseq_auto	GCF_000005845.2	NC_000913.3	NP_418487.1	b4063	Escherichia coli str. K-12 substr. MG1655	DNA-binding transcriptional dual regulator SoxR	4277469..4277933	refseq_gene_name	465	154	True
e_coli	soxS	soxS|NP_418486.1|NC_000913.3|b4062	ncbi_refseq_auto	GCF_000005845.2	NC_000913.3	NP_418486.1	b4062	Escherichia coli str. K-12 substr. MG1655	DNA-binding transcriptional dual regulator SoxS	complement(4277060..4277383)	refseq_gene_name	324	107	True
e_coli	tolC	tolC|NP_417507.2|NC_000913.3|b3035	ncbi_refseq_auto	GCF_000005845.2	NC_000913.3	NP_417507.2	b3035	Escherichia coli str. K-12 substr. MG1655	outer membrane channel TolC	3178115..3179596	refseq_gene_name	1482	493	True
e_coli	tonB	tonB|NP_415768.1|NC_000913.3|b1252	ncbi_refseq_auto	GCF_000005845.2	NC_000913.3	NP_415768.1	b1252	Escherichia coli str. K-12 substr. MG1655	Ton complex subunit TonB	1311089..1311808	refseq_gene_name	720	239	True
e_coli	ugd	ugd|NP_416532.1|NC_000913.3|b2028	ncbi_refseq_auto	GCF_000005845.2	NC_000913.3	NP_416532.1	b2028	Escherichia coli str. K-12 substr. MG1655	UDP-glucose 6-dehydrogenase	complement(2098447..2099613)	refseq_gene_name	1167	388	True
enterobacter	acrA	acrA|WP_006809848.1|NZ_CP077308.1|I6L63_RS16005	ncbi_refseq_auto	GCF_019048245.1	NZ_CP077308.1	WP_006809848.1	I6L63_RS16005	Enterobacter hormaechei	multidrug efflux RND transporter periplasmic adaptor subunit AcrA	3285486..3286679	refseq_gene_name	1194	397	True
enterobacter	acrA	acrA|WP_029741963.1|NZ_CP011863.1|ACJ69_RS00730	ncbi_refseq_auto	GCF_001521715.1	NZ_CP011863.1	WP_029741963.1	ACJ69_RS00730	Enterobacter asburiae	multidrug efflux RND transporter periplasmic adaptor subunit AcrA	complement(151529..152722)	species representative; ortholog by 94.2% identity to the panel allele; modal in 2/3 screened Enterobacter asburiae genomes	1194	397	True
enterobacter	acrA	acrA|WP_023310601.1|NZ_CP043318.1|FY206_RS06480	ncbi_refseq_auto	GCF_001984825.2	NZ_CP043318.1	WP_023310601.1	FY206_RS06480	Enterobacter chengduensis	multidrug efflux RND transporter periplasmic adaptor subunit AcrA	complement(1301321..1302514)	species representative; ortholog by 94.5% identity to the panel allele; modal in 1/2 screened Enterobacter chengduensis genomes	1194	397	True
enterobacter	acrA	acrA|WP_013095891.1|NC_014121.1|ECL_RS06015	ncbi_refseq_auto	GCF_000025565.1	NC_014121.1	WP_013095891.1	ECL_RS06015	Enterobacter cloacae	multidrug efflux RND transporter periplasmic adaptor subunit AcrA	complement(1269363..1270556)	species representative; ortholog by 95.0% identity to the panel allele; modal in 4/4 screened Enterobacter cloacae genomes	1194	397	True
enterobacter	acrA	acrA|WP_014882804.1|NZ_CP017181.1|BFV64_RS05150	ncbi_refseq_auto	GCF_001729765.1	NZ_CP017181.1	WP_014882804.1	BFV64_RS05150	Enterobacter kobei	multidrug efflux RND transporter periplasmic adaptor subunit AcrA	complement(1088720..1089913)	species representative; ortholog by 94.5% identity to the panel allele; modal in 2/3 screened Enterobacter kobei genomes	1194	397	True
enterobacter	acrA	acrA|WP_042716154.1|NZ_CP055276.1|HUI94_RS07045	ncbi_refseq_auto	GCF_019203945.1	NZ_CP055276.1	WP_042716154.1	HUI94_RS07045	Enterobacter mori	multidrug efflux RND transporter periplasmic adaptor subunit AcrA	1469726..1470919	species representative; ortholog by 95.2% identity to the panel allele; modal in 2/5 screened Enterobacter mori genomes	1194	397	True
enterobacter	acrA	acrA|WP_008499290.1|NZ_CP017184.1|BFV67_RS04890	ncbi_refseq_auto	GCF_001729805.1	NZ_CP017184.1	WP_008499290.1	BFV67_RS04890	Enterobacter roggenkampii	multidrug efflux RND transporter periplasmic adaptor subunit AcrA	complement(1061092..1062285)	species representative; ortholog by 94.5% identity to the panel allele; modal in 3/4 screened Enterobacter roggenkampii genomes	1194	397	True
enterobacter	acrB	acrB|WP_006809849.1|NZ_CP077308.1|I6L63_RS16010	ncbi_refseq_auto	GCF_019048245.1	NZ_CP077308.1	WP_006809849.1	I6L63_RS16010	Enterobacter hormaechei	multidrug efflux RND transporter permease subunit AcrB	3286702..3289848	refseq_gene_name	3147	1048	True
enterobacter	acrB	acrB|WP_029741964.1|NZ_CP011863.1|ACJ69_RS00725	ncbi_refseq_auto	GCF_001521715.1	NZ_CP011863.1	WP_029741964.1	ACJ69_RS00725	Enterobacter asburiae	multidrug efflux RND transporter permease subunit AcrB	complement(148360..151506)	species representative; ortholog by 98.3% identity to the panel allele; modal in 2/3 screened Enterobacter asburiae genomes	3147	1048	True
enterobacter	acrB	acrB|WP_077064109.1|NZ_CP043318.1|FY206_RS06475	ncbi_refseq_auto	GCF_001984825.2	NZ_CP043318.1	WP_077064109.1	FY206_RS06475	Enterobacter chengduensis	multidrug efflux RND transporter permease subunit AcrB	complement(1298152..1301298)	species representative; ortholog by 98.4% identity to the panel allele; modal in 1/2 screened Enterobacter chengduensis genomes	3147	1048	True
enterobacter	acrB	acrB|WP_013095890.1|NC_014121.1|ECL_RS06010	ncbi_refseq_auto	GCF_000025565.1	NC_014121.1	WP_013095890.1	ECL_RS06010	Enterobacter cloacae	multidrug efflux RND transporter permease subunit AcrB	complement(1266194..1269340)	species representative; ortholog by 98.4% identity to the panel allele; modal in 4/4 screened Enterobacter cloacae genomes	3147	1048	True
enterobacter	acrB	acrB|WP_014882803.1|NZ_AP022452.1|JLF39_RS05695	ncbi_refseq_auto	GCF_015136055.1	NZ_AP022452.1	WP_014882803.1	JLF39_RS05695	Enterobacter kobei	multidrug efflux RND transporter permease subunit AcrB	complement(1189749..1192895)	species representative; ortholog by 98.0% identity to the panel allele; modal in 2/3 screened Enterobacter kobei genomes	3147	1048	True
enterobacter	acrB	acrB|WP_089598001.1|NZ_CP091779.1|L6Y89_RS04995	ncbi_refseq_auto	GCF_022014715.1	NZ_CP091779.1	WP_089598001.1	L6Y89_RS04995	Enterobacter mori	multidrug efflux RND transporter permease subunit AcrB	complement(1056145..1059291)	species representative; ortholog by 98.6% identity to the panel allele; modal in 2/5 screened Enterobacter mori genomes	3147	1048	True
enterobacter	acrB	acrB|WP_008499289.1|NZ_CP017184.1|BFV67_RS04885	ncbi_refseq_auto	GCF_001729805.1	NZ_CP017184.1	WP_008499289.1	BFV67_RS04885	Enterobacter roggenkampii	multidrug efflux RND transporter permease subunit AcrB	complement(1057923..1061069)	species representative; ortholog by 97.8% identity to the panel allele; modal in 3/4 screened Enterobacter roggenkampii genomes	3147	1048	True
enterobacter	acrD	acrD|WP_006811474.1|NZ_CP077308.1|I6L63_RS05125	ncbi_refseq_auto	GCF_019048245.1	NZ_CP077308.1	WP_006811474.1	I6L63_RS05125	Enterobacter hormaechei	multidrug efflux RND transporter permease AcrD	complement(1060008..1063121)	refseq_gene_name	3114	1037	True
enterobacter	acrD	acrD|WP_047647115.1|NZ_CP065693.1|I6G49_RS10710	ncbi_refseq_auto	GCF_016027695.1	NZ_CP065693.1	WP_047647115.1	I6G49_RS10710	Enterobacter asburiae	multidrug efflux RND transporter permease AcrD	complement(2123486..2126599)	species representative; ortholog by 93.9% identity to the panel allele; modal in 1/2 screened Enterobacter asburiae genomes	3114	1037	True
enterobacter	acrD	acrD|WP_032643521.1|NZ_CP043318.1|FY206_RS17930	ncbi_refseq_auto	GCF_001984825.2	NZ_CP043318.1	WP_032643521.1	FY206_RS17930	Enterobacter chengduensis	multidrug efflux RND transporter permease AcrD	3707970..3711083	species representative; ortholog by 94.4% identity to the panel allele; modal in 1/2 screened Enterobacter chengduensis genomes	3114	1037	True
enterobacter	acrD	acrD|WP_013098219.1|NC_014121.1|ECL_RS18730	ncbi_refseq_auto	GCF_000025565.1	NC_014121.1	WP_013098219.1	ECL_RS18730	Enterobacter cloacae	multidrug efflux RND transporter permease AcrD	3847627..3850740	species representative; ortholog by 95.3% identity to the panel allele; modal in 4/4 screened Enterobacter cloacae genomes	3114	1037	True
enterobacter	acrD	acrD|WP_176260695.1|NZ_CP083828.1|LCD42_RS15920	ncbi_refseq_auto	GCF_023023125.1	NZ_CP083828.1	WP_176260695.1	LCD42_RS15920	Enterobacter kobei	multidrug efflux RND transporter permease AcrD	3362685..3365798	species representative; ortholog by 94.5% identity to the panel allele; modal in 1/3 screened Enterobacter kobei genomes	3114	1037	True
enterobacter	acrD	acrD|WP_218400628.1|NZ_CP055276.1|HUI94_RS18870	ncbi_refseq_auto	GCF_019203945.1	NZ_CP055276.1	WP_218400628.1	HUI94_RS18870	Enterobacter mori	multidrug efflux RND transporter permease AcrD	complement(3985286..3988399)	species representative; ortholog by 98.0% identity to the panel allele; modal in 2/4 screened Enterobacter mori genomes	3114	1037	True
enterobacter	acrD	acrD|WP_008501624.1|NZ_CP017184.1|BFV67_RS16040	ncbi_refseq_auto	GCF_001729805.1	NZ_CP017184.1	WP_008501624.1	BFV67_RS16040	Enterobacter roggenkampii	multidrug efflux RND transporter permease AcrD	3415490..3418603	species representative; ortholog by 94.1% identity to the panel allele; modal in 4/4 screened Enterobacter roggenkampii genomes	3114	1037	True
enterobacter	acrR	acrR|WP_006809847.1|NZ_CP077308.1|I6L63_RS16000	ncbi_refseq_auto	GCF_019048245.1	NZ_CP077308.1	WP_006809847.1	I6L63_RS16000	Enterobacter hormaechei	multidrug efflux transporter transcriptional repressor AcrR	complement(3284691..3285344)	refseq_gene_name	654	217	True
enterobacter	acrR	acrR|WP_023310602.1|NZ_CP103751.1|M5T12_RS05135	ncbi_refseq_auto	GCF_024917675.1	NZ_CP103751.1	WP_023310602.1	M5T12_RS05135	Enterobacter asburiae	multidrug efflux transporter transcriptional repressor AcrR	1069409..1070062	species representative; ortholog by 92.4% identity to the panel allele; modal in 1/1 screened Enterobacter asburiae genomes	654	217	True
enterobacter	acrR	acrR|WP_032638545.1|NZ_CP043318.1|FY206_RS06485	ncbi_refseq_auto	GCF_001984825.2	NZ_CP043318.1	WP_032638545.1	FY206_RS06485	Enterobacter chengduensis	multidrug efflux transporter transcriptional repressor AcrR	1302655..1303308	species representative; ortholog by 91.5% identity to the panel allele; modal in 1/2 screened Enterobacter chengduensis genomes	654	217	True
enterobacter	acrR	acrR|WP_013095892.1|NC_014121.1|ECL_RS06020	ncbi_refseq_auto	GCF_000025565.1	NC_014121.1	WP_013095892.1	ECL_RS06020	Enterobacter cloacae	multidrug efflux transporter transcriptional repressor AcrR	1270698..1271351	species representative; ortholog by 92.4% identity to the panel allele; modal in 4/4 screened Enterobacter cloacae genomes	654	217	True
enterobacter	acrR	acrR|WP_032637305.1|NZ_CP017181.1|BFV64_RS05155	ncbi_refseq_auto	GCF_001729765.1	NZ_CP017181.1	WP_032637305.1	BFV64_RS05155	Enterobacter kobei	multidrug efflux transporter transcriptional repressor AcrR	1090055..1090708	species representative; ortholog by 92.1% identity to the panel allele; modal in 2/3 screened Enterobacter kobei genomes	654	217	True
enterobacter	acrR	acrR|WP_010428179.1|NZ_CP091779.1|L6Y89_RS05005	ncbi_refseq_auto	GCF_022014715.1	NZ_CP091779.1	WP_010428179.1	L6Y89_RS05005	Enterobacter mori	multidrug efflux transporter transcriptional repressor AcrR	1060649..1061302	species representative; ortholog by 91.0% identity to the panel allele; modal in 3/5 screened Enterobacter mori genomes	654	217	True
enterobacter	acrR	acrR|WP_008499291.1|NZ_CP017184.1|BFV67_RS04895	ncbi_refseq_auto	GCF_001729805.1	NZ_CP017184.1	WP_008499291.1	BFV67_RS04895	Enterobacter roggenkampii	multidrug efflux transporter transcriptional repressor AcrR	1062426..1063079	species representative; ortholog by 91.0% identity to the panel allele; modal in 4/4 screened Enterobacter roggenkampii genomes	654	217	True
enterobacter	ampC	ampC|WP_058647079.1|NZ_CP017186.1|BFV65_RS01920	ncbi_refseq_auto	GCF_001729745.1	NZ_CP017186.1	WP_058647079.1	BFV65_RS01920	Enterobacter hormaechei subsp. hoffmannii DSM 14563	ACT family cephalosporin-hydrolyzing class C beta-lactamase	complement(398060..399205)	refseq_gene_name	1146	381	True
enterobacter	ampD	ampD|WP_006810098.1|NZ_CP077308.1|I6L63_RS17575	ncbi_refseq_auto	GCF_019048245.1	NZ_CP077308.1	WP_006810098.1	I6L63_RS17575	Enterobacter hormaechei	1,6-anhydro-N-acetylmuramyl-L-alanine amidase AmpD	complement(3616526..3617089)	refseq_gene_name	564	187	True
enterobacter	ampD	ampD|WP_047646641.1|NZ_CP011863.1|ACJ69_RS13485	ncbi_refseq_auto	GCF_001521715.1	NZ_CP011863.1	WP_047646641.1	ACJ69_RS13485	Enterobacter asburiae	1,6-anhydro-N-acetylmuramyl-L-alanine amidase AmpD	complement(2783845..2784396)	species representative; ortholog by 92.3% identity to the panel allele; modal in 2/3 screened Enterobacter asburiae genomes	552	183	True
enterobacter	ampD	ampD|WP_032644078.1|NZ_CP043318.1|FY206_RS04385	ncbi_refseq_auto	GCF_001984825.2	NZ_CP043318.1	WP_032644078.1	FY206_RS04385	Enterobacter chengduensis	1,6-anhydro-N-acetylmuramyl-L-alanine amidase AmpD	910138..910689	species representative; ortholog by 92.3% identity to the panel allele; modal in 1/2 screened Enterobacter chengduensis genomes	552	183	True
enterobacter	ampD	ampD|WP_013095590.1|NC_014121.1|ECL_RS04375	ncbi_refseq_auto	GCF_000025565.1	NC_014121.1	WP_013095590.1	ECL_RS04375	Enterobacter cloacae	1,6-anhydro-N-acetylmuramyl-L-alanine amidase AmpD	907749..908300	species representative; ortholog by 91.3% identity to the panel allele; modal in 4/4 screened Enterobacter cloacae genomes	552	183	True
enterobacter	ampD	ampD|WP_023332089.1|NZ_CP017181.1|BFV64_RS03470	ncbi_refseq_auto	GCF_001729765.1	NZ_CP017181.1	WP_023332089.1	BFV64_RS03470	Enterobacter kobei	1,6-anhydro-N-acetylmuramyl-L-alanine amidase AmpD	730311..730862	species representative; ortholog by 91.3% identity to the panel allele; modal in 2/3 screened Enterobacter kobei genomes	552	183	True
enterobacter	ampD	ampD|WP_010426943.1|NZ_CP055276.1|HUI94_RS08505	ncbi_refseq_auto	GCF_019203945.1	NZ_CP055276.1	WP_010426943.1	HUI94_RS08505	Enterobacter mori	1,6-anhydro-N-acetylmuramyl-L-alanine amidase AmpD	complement(1810553..1811104)	species representative; ortholog by 92.9% identity to the panel allele; modal in 4/5 screened Enterobacter mori genomes	552	183	True
enterobacter	ampD	ampD|WP_021240513.1|NZ_CP017184.1|BFV67_RS03590	ncbi_refseq_auto	GCF_001729805.1	NZ_CP017184.1	WP_021240513.1	BFV67_RS03590	Enterobacter roggenkampii	1,6-anhydro-N-acetylmuramyl-L-alanine amidase AmpD	781566..782117	species representative; ortholog by 91.8% identity to the panel allele; modal in 2/4 screened Enterobacter roggenkampii genomes	552	183	True
enterobacter	ampG	ampG|WP_006809884.1|NZ_CP077308.1|I6L63_RS16205	ncbi_refseq_auto	GCF_019048245.1	NZ_CP077308.1	WP_006809884.1	I6L63_RS16205	Enterobacter hormaechei	muropeptide MFS transporter AmpG	3327161..3328636	refseq_gene_name	1476	491	True
enterobacter	ampG	ampG|WP_059346253.1|NZ_CP011863.1|ACJ69_RS00520	ncbi_refseq_auto	GCF_001521715.1	NZ_CP011863.1	WP_059346253.1	ACJ69_RS00520	Enterobacter asburiae	muropeptide MFS transporter AmpG	complement(107282..108757)	species representative; ortholog by 95.3% identity to the panel allele; modal in 2/3 screened Enterobacter asburiae genomes	1476	491	True
enterobacter	ampG	ampG|WP_045889971.1|NZ_CP043318.1|FY206_RS06250	ncbi_refseq_auto	GCF_001984825.2	NZ_CP043318.1	WP_045889971.1	FY206_RS06250	Enterobacter chengduensis	muropeptide MFS transporter AmpG	complement(1256426..1257901)	species representative; ortholog by 95.3% identity to the panel allele; modal in 1/2 screened Enterobacter chengduensis genomes	1476	491	True
enterobacter	ampG	ampG|WP_013095853.1|NC_014121.1|ECL_RS05795	ncbi_refseq_auto	GCF_000025565.1	NC_014121.1	WP_013095853.1	ECL_RS05795	Enterobacter cloacae	muropeptide MFS transporter AmpG	complement(1223962..1225437)	species representative; ortholog by 94.9% identity to the panel allele; modal in 4/4 screened Enterobacter cloacae genomes	1476	491	True
enterobacter	ampG	ampG|WP_023332233.1|NZ_CP083828.1|LCD42_RS04860	ncbi_refseq_auto	GCF_023023125.1	NZ_CP083828.1	WP_023332233.1	LCD42_RS04860	Enterobacter kobei	muropeptide MFS transporter AmpG	complement(1044602..1046077)	species representative; ortholog by 95.7% identity to the panel allele; modal in 1/3 screened Enterobacter kobei genomes	1476	491	True
enterobacter	ampG	ampG|WP_218402116.1|NZ_CP055276.1|HUI94_RS07255	ncbi_refseq_auto	GCF_019203945.1	NZ_CP055276.1	WP_218402116.1	HUI94_RS07255	Enterobacter mori	muropeptide MFS transporter AmpG	1513724..1515199	species representative; ortholog by 94.5% identity to the panel allele; modal in 2/5 screened Enterobacter mori genomes	1476	491	True
enterobacter	ampG	ampG|WP_023343488.1|NZ_CP017184.1|BFV67_RS04680	ncbi_refseq_auto	GCF_001729805.1	NZ_CP017184.1	WP_023343488.1	BFV67_RS04680	Enterobacter roggenkampii	muropeptide MFS transporter AmpG	complement(1016854..1018329)	species representative; ortholog by 95.9% identity to the panel allele; modal in 2/4 screened Enterobacter roggenkampii genomes	1476	491	True
enterobacter	ampR	ampR|WP_006810405.1|NZ_CP077308.1|I6L63_RS19330	ncbi_refseq_auto	GCF_019048245.1	NZ_CP077308.1	WP_006810405.1	I6L63_RS19330	Enterobacter hormaechei	LysR family transcriptional regulator AmpR	complement(3992040..3992915)	refseq_gene_name	876	291	True
enterobacter	ampR	ampR|WP_054829812.1|NZ_CP011863.1|ACJ69_RS15105	ncbi_refseq_auto	GCF_001521715.1	NZ_CP011863.1	WP_054829812.1	ACJ69_RS15105	Enterobacter asburiae	LysR family transcriptional regulator AmpR	complement(3126420..3127295)	species representative; ortholog by 91.1% identity to the panel allele; modal in 2/3 screened Enterobacter asburiae genomes	876	291	True
enterobacter	ampR	ampR|WP_032643769.1|NZ_CP043318.1|FY206_RS02500	ncbi_refseq_auto	GCF_001984825.2	NZ_CP043318.1	WP_032643769.1	FY206_RS02500	Enterobacter chengduensis	LysR family transcriptional regulator AmpR	511191..512066	species representative; ortholog by 92.1% identity to the panel allele; modal in 1/2 screened Enterobacter chengduensis genomes	876	291	True
enterobacter	ampR	ampR|WP_013095271.1|NC_014121.1|ECL_RS02645	ncbi_refseq_auto	GCF_000025565.1	NC_014121.1	WP_013095271.1	ECL_RS02645	Enterobacter cloacae	LysR family transcriptional regulator AmpR	543478..544353	species representative; ortholog by 92.4% identity to the panel allele; modal in 4/4 screened Enterobacter cloacae genomes	876	291	True
enterobacter	ampR	ampR|WP_014882212.1|NZ_CP083828.1|LCD42_RS01815	ncbi_refseq_auto	GCF_023023125.1	NZ_CP083828.1	WP_014882212.1	LCD42_RS01815	Enterobacter kobei	LysR family transcriptional regulator AmpR	383066..383941	species representative; ortholog by 91.1% identity to the panel allele; modal in 1/3 screened Enterobacter kobei genomes	876	291	True
enterobacter	ampR	ampR|WP_010427754.1|NZ_CP091779.1|L6Y89_RS01785	ncbi_refseq_auto	GCF_022014715.1	NZ_CP091779.1	WP_010427754.1	L6Y89_RS01785	Enterobacter mori	LysR family transcriptional regulator AmpR	370578..371453	species representative; ortholog by 89.7% identity to the panel allele; modal in 2/5 screened Enterobacter mori genomes	876	291	True
enterobacter	ampR	ampR|WP_069597782.1|NZ_CP017184.1|BFV67_RS01955	ncbi_refseq_auto	GCF_001729805.1	NZ_CP017184.1	WP_069597782.1	BFV67_RS01955	Enterobacter roggenkampii	LysR family transcriptional regulator AmpR	419163..420038	species representative; ortholog by 91.8% identity to the panel allele; modal in 2/4 screened Enterobacter roggenkampii genomes	876	291	True
enterobacter	dacB	dacB|WP_003861817.1|NZ_CP077308.1|I6L63_RS01430	ncbi_refseq_auto	GCF_019048245.1	NZ_CP077308.1	WP_003861817.1	I6L63_RS01430	Enterobacter hormaechei	serine-type D-Ala-D-Ala carboxypeptidase	complement(278325..279758)	refseq_gene_name	1434	477	True
enterobacter	dacB	dacB|WP_029739625.1|NZ_CP011863.1|ACJ69_RS19720	ncbi_refseq_auto	GCF_001521715.1	NZ_CP011863.1	WP_029739625.1	ACJ69_RS19720	Enterobacter asburiae	serine-type D-Ala-D-Ala carboxypeptidase	complement(4071185..4072618)	species representative; ortholog by 96.0% identity to the panel allele; modal in 2/3 screened Enterobacter asburiae genomes	1434	477	True
enterobacter	dacB	dacB|WP_032642354.1|NZ_CP043318.1|FY206_RS21780	ncbi_refseq_auto	GCF_001984825.2	NZ_CP043318.1	WP_032642354.1	FY206_RS21780	Enterobacter chengduensis	serine-type D-Ala-D-Ala carboxypeptidase	4504447..4505880	species representative; ortholog by 95.8% identity to the panel allele; modal in 1/2 screened Enterobacter chengduensis genomes	1434	477	True
enterobacter	dacB	dacB|WP_044157668.1|NC_014121.1|ECL_RS22755	ncbi_refseq_auto	GCF_000025565.1	NC_014121.1	WP_044157668.1	ECL_RS22755	Enterobacter cloacae	serine-type D-Ala-D-Ala carboxypeptidase	4683633..4685066	species representative; ortholog by 95.6% identity to the panel allele; modal in 4/4 screened Enterobacter cloacae genomes	1434	477	True
enterobacter	dacB	dacB|WP_014885378.1|NZ_CP017181.1|BFV64_RS20805	ncbi_refseq_auto	GCF_001729765.1	NZ_CP017181.1	WP_014885378.1	BFV64_RS20805	Enterobacter kobei	serine-type D-Ala-D-Ala carboxypeptidase	4295584..4297017	species representative; ortholog by 94.8% identity to the panel allele; modal in 2/3 screened Enterobacter kobei genomes	1434	477	True
enterobacter	dacB	dacB|WP_010436012.1|NZ_CP055276.1|HUI94_RS14960	ncbi_refseq_auto	GCF_019203945.1	NZ_CP055276.1	WP_010436012.1	HUI94_RS14960	Enterobacter mori	serine-type D-Ala-D-Ala carboxypeptidase	complement(3163743..3165176)	species representative; ortholog by 95.8% identity to the panel allele; modal in 3/5 screened Enterobacter mori genomes	1434	477	True
enterobacter	dacB	dacB|WP_023344983.1|NZ_CP017184.1|BFV67_RS19460	ncbi_refseq_auto	GCF_001729805.1	NZ_CP017184.1	WP_023344983.1	BFV67_RS19460	Enterobacter roggenkampii	serine-type D-Ala-D-Ala carboxypeptidase	4164435..4165868	species representative; ortholog by 96.2% identity to the panel allele; modal in 2/4 screened Enterobacter roggenkampii genomes	1434	477	True
enterobacter	emrA	emrA|WP_006811708.1|NZ_CP077308.1|I6L63_RS03835	ncbi_refseq_auto	GCF_019048245.1	NZ_CP077308.1	WP_006811708.1	I6L63_RS03835	Enterobacter hormaechei	multidrug efflux MFS transporter periplasmic adaptor subunit EmrA	complement(781917..783089)	refseq_gene_name	1173	390	True
enterobacter	emrA	emrA|WP_029742047.1|NZ_CP011863.1|ACJ69_RS22390	ncbi_refseq_auto	GCF_001521715.1	NZ_CP011863.1	WP_029742047.1	ACJ69_RS22390	Enterobacter asburiae	multidrug efflux MFS transporter periplasmic adaptor subunit EmrA	complement(4592240..4593412)	species representative; ortholog by 96.9% identity to the panel allele; modal in 2/3 screened Enterobacter asburiae genomes	1173	390	True
enterobacter	emrA	emrA|WP_032642979.1|NZ_CP043318.1|FY206_RS19070	ncbi_refseq_auto	GCF_001984825.2	NZ_CP043318.1	WP_032642979.1	FY206_RS19070	Enterobacter chengduensis	multidrug efflux MFS transporter periplasmic adaptor subunit EmrA	3950194..3951366	species representative; ortholog by 96.4% identity to the panel allele; modal in 1/2 screened Enterobacter chengduensis genomes	1173	390	True
enterobacter	emrA	emrA|WP_013098428.1|NC_014121.1|ECL_RS20065	ncbi_refseq_auto	GCF_000025565.1	NC_014121.1	WP_013098428.1	ECL_RS20065	Enterobacter cloacae	multidrug efflux MFS transporter periplasmic adaptor subunit EmrA	4126040..4127212	species representative; ortholog by 97.2% identity to the panel allele; modal in 4/4 screened Enterobacter cloacae genomes	1173	390	True
enterobacter	emrA	emrA|WP_014884968.1|NZ_CP017181.1|BFV64_RS18130	ncbi_refseq_auto	GCF_001729765.1	NZ_CP017181.1	WP_014884968.1	BFV64_RS18130	Enterobacter kobei	multidrug efflux MFS transporter periplasmic adaptor subunit EmrA	3743745..3744917	species representative; ortholog by 96.9% identity to the panel allele; modal in 3/3 screened Enterobacter kobei genomes	1173	390	True
enterobacter	emrA	emrA|WP_042714077.1|NZ_CP055276.1|HUI94_RS17660	ncbi_refseq_auto	GCF_019203945.1	NZ_CP055276.1	WP_042714077.1	HUI94_RS17660	Enterobacter mori	multidrug efflux MFS transporter periplasmic adaptor subunit EmrA	complement(3720654..3721826)	species representative; ortholog by 96.9% identity to the panel allele; modal in 4/5 screened Enterobacter mori genomes	1173	390	True
enterobacter	emrA	emrA|WP_021241959.1|NZ_CP017184.1|BFV67_RS17125	ncbi_refseq_auto	GCF_001729805.1	NZ_CP017184.1	WP_021241959.1	BFV67_RS17125	Enterobacter roggenkampii	multidrug efflux MFS transporter periplasmic adaptor subunit EmrA	3661105..3662277	species representative; ortholog by 96.7% identity to the panel allele; modal in 4/4 screened Enterobacter roggenkampii genomes	1173	390	True
enterobacter	emrB	emrB|WP_006811709.1|NZ_CP077308.1|I6L63_RS03830	ncbi_refseq_auto	GCF_019048245.1	NZ_CP077308.1	WP_006811709.1	I6L63_RS03830	Enterobacter hormaechei	multidrug efflux MFS transporter permease subunit EmrB	complement(780353..781900)	refseq_gene_name	1548	515	True
enterobacter	emrB	emrB|WP_038417314.1|NZ_CP011863.1|ACJ69_RS22385	ncbi_refseq_auto	GCF_001521715.1	NZ_CP011863.1	WP_038417314.1	ACJ69_RS22385	Enterobacter asburiae	multidrug efflux MFS transporter permease subunit EmrB	complement(4590676..4592223)	species representative; ortholog by 96.7% identity to the panel allele; modal in 2/3 screened Enterobacter asburiae genomes	1548	515	True
enterobacter	emrB	emrB|WP_032642981.1|NZ_CP043318.1|FY206_RS19075	ncbi_refseq_auto	GCF_001984825.2	NZ_CP043318.1	WP_032642981.1	FY206_RS19075	Enterobacter chengduensis	multidrug efflux MFS transporter permease subunit EmrB	3951383..3952930	species representative; ortholog by 97.3% identity to the panel allele; modal in 1/2 screened Enterobacter chengduensis genomes	1548	515	True
enterobacter	emrB	emrB|WP_013098429.1|NC_014121.1|ECL_RS20070	ncbi_refseq_auto	GCF_000025565.1	NC_014121.1	WP_013098429.1	ECL_RS20070	Enterobacter cloacae	multidrug efflux MFS transporter permease subunit EmrB	4127229..4128776	species representative; ortholog by 95.9% identity to the panel allele; modal in 4/4 screened Enterobacter cloacae genomes	1548	515	True
enterobacter	emrB	emrB|WP_014884969.1|NZ_CP017181.1|BFV64_RS18135	ncbi_refseq_auto	GCF_001729765.1	NZ_CP017181.1	WP_014884969.1	BFV64_RS18135	Enterobacter kobei	multidrug efflux MFS transporter permease subunit EmrB	3744934..3746481	species representative; ortholog by 95.3% identity to the panel allele; modal in 3/3 screened Enterobacter kobei genomes	1548	515	True
enterobacter	emrB	emrB|WP_089601284.1|NZ_CP055276.1|HUI94_RS17655	ncbi_refseq_auto	GCF_019203945.1	NZ_CP055276.1	WP_089601284.1	HUI94_RS17655	Enterobacter mori	multidrug efflux MFS transporter permease subunit EmrB	complement(3719090..3720637)	species representative; ortholog by 98.8% identity to the panel allele; modal in 5/5 screened Enterobacter mori genomes	1548	515	True
enterobacter	emrB	emrB|WP_008502580.1|NZ_CP017184.1|BFV67_RS17130	ncbi_refseq_auto	GCF_001729805.1	NZ_CP017184.1	WP_008502580.1	BFV67_RS17130	Enterobacter roggenkampii	multidrug efflux MFS transporter permease subunit EmrB	3662294..3663841	species representative; ortholog by 96.3% identity to the panel allele; modal in 4/4 screened Enterobacter roggenkampii genomes	1548	515	True
enterobacter	emrR	emrR|WP_017694792.1|NZ_CP077308.1|I6L63_RS03840	ncbi_refseq_auto	GCF_019048245.1	NZ_CP077308.1	WP_017694792.1	I6L63_RS03840	Enterobacter hormaechei	multidrug efflux transporter EmrAB transcriptional repressor EmrR	complement(783219..783749)	refseq_gene_name	531	176	True
enterobacter	envZ	envZ|WP_003861615.1|NZ_CP077308.1|I6L63_RS00440	ncbi_refseq_auto	GCF_019048245.1	NZ_CP077308.1	WP_003861615.1	I6L63_RS00440	Enterobacter hormaechei	two-component system sensor histidine kinase EnvZ	93669..95015	refseq_gene_name	1347	448	True
enterobacter	envZ	envZ|WP_010436407.1|NZ_CP011863.1|ACJ69_RS18730	ncbi_refseq_auto	GCF_001521715.1	NZ_CP011863.1	WP_010436407.1	ACJ69_RS18730	Enterobacter asburiae	two-component system sensor histidine kinase EnvZ	3891043..3892389	species representative; ortholog by 98.7% identity to the panel allele; modal in 2/3 screened Enterobacter asburiae genomes	1347	448	True
enterobacter	envZ	envZ|WP_008503047.1|NZ_CP043318.1|FY206_RS22805	ncbi_refseq_auto	GCF_001984825.2	NZ_CP043318.1	WP_008503047.1	FY206_RS22805	Enterobacter chengduensis	two-component system sensor histidine kinase EnvZ	complement(4692455..4693801)	species representative; ortholog by 99.1% identity to the panel allele; modal in 1/2 screened Enterobacter chengduensis genomes	1347	448	True
enterobacter	envZ	envZ|WP_029882169.1|NC_014121.1|ECL_RS23795	ncbi_refseq_auto	GCF_000025565.1	NC_014121.1	WP_029882169.1	ECL_RS23795	Enterobacter cloacae	two-component system sensor histidine kinase EnvZ	complement(4878634..4879980)	species representative; ortholog by 98.9% identity to the panel allele; modal in 4/4 screened Enterobacter cloacae genomes	1347	448	True
enterobacter	envZ	envZ|WP_014885538.1|NZ_CP017181.1|BFV64_RS21945	ncbi_refseq_auto	GCF_001729765.1	NZ_CP017181.1	WP_014885538.1	BFV64_RS21945	Enterobacter kobei	two-component system sensor histidine kinase EnvZ	complement(4504498..4505844)	species representative; ortholog by 98.7% identity to the panel allele; modal in 3/3 screened Enterobacter kobei genomes	1347	448	True
enterobacter	eptA	eptA|WP_032673506.1|NZ_CP077308.1|I6L63_RS11335	ncbi_refseq_auto	GCF_019048245.1	NZ_CP077308.1	WP_032673506.1	I6L63_RS11335	Enterobacter hormaechei	phosphoethanolamine transferase EptA	2368039..2369679	refseq_gene_name	1641	546	True
enterobacter	eptA	eptA|WP_059346597.1|NZ_CP011863.1|ACJ69_RS05115	ncbi_refseq_auto	GCF_001521715.1	NZ_CP011863.1	WP_059346597.1	ACJ69_RS05115	Enterobacter asburiae	phosphoethanolamine transferase EptA	complement(1032717..1034342)	species representative; ortholog by 89.8% identity to the panel allele; modal in 2/3 screened Enterobacter asburiae genomes	1626	541	True
enterobacter	eptA	eptA|WP_032639994.1|NZ_CP043318.1|FY206_RS10980	ncbi_refseq_auto	GCF_001984825.2	NZ_CP043318.1	WP_032639994.1	FY206_RS10980	Enterobacter chengduensis	phosphoethanolamine transferase EptA	complement(2225269..2226894)	species representative; ortholog by 89.5% identity to the panel allele; modal in 1/2 screened Enterobacter chengduensis genomes	1626	541	True
enterobacter	eptA	eptA|WP_013096920.1|NC_014121.1|ECL_RS11410	ncbi_refseq_auto	GCF_000025565.1	NC_014121.1	WP_013096920.1	ECL_RS11410	Enterobacter cloacae	phosphoethanolamine transferase EptA	2378670..2380295	species representative; ortholog by 89.1% identity to the panel allele; modal in 4/4 screened Enterobacter cloacae genomes	1626	541	True
enterobacter	eptA	eptA|WP_200557928.1|NZ_CP083828.1|LCD42_RS09345	ncbi_refseq_auto	GCF_023023125.1	NZ_CP083828.1	WP_200557928.1	LCD42_RS09345	Enterobacter kobei	phosphoethanolamine transferase EptA	complement(1974836..1976461)	species representative; ortholog by 88.7% identity to the panel allele; modal in 1/3 screened Enterobacter kobei genomes	1626	541	True
enterobacter	eptA	eptA|WP_109081084.1|NZ_CP055276.1|HUI94_RS02455	ncbi_refseq_auto	GCF_019203945.1	NZ_CP055276.1	WP_109081084.1	HUI94_RS02455	Enterobacter mori	phosphoethanolamine transferase EptA	527074..528714	species representative; ortholog by 91.2% identity to the panel allele; modal in 2/5 screened Enterobacter mori genomes	1641	546	True
enterobacter	eptA	eptA|WP_069598175.1|NZ_CP017184.1|BFV67_RS09080	ncbi_refseq_auto	GCF_001729805.1	NZ_CP017184.1	WP_069598175.1	BFV67_RS09080	Enterobacter roggenkampii	phosphoethanolamine transferase EptA	complement(1935522..1937147)	species representative; ortholog by 90.4% identity to the panel allele; modal in 2/4 screened Enterobacter roggenkampii genomes	1626	541	True
enterobacter	exbB	exbB|WP_003862482.1|NZ_CP077308.1|I6L63_RS02390	ncbi_refseq_auto	GCF_019048245.1	NZ_CP077308.1	WP_003862482.1	I6L63_RS02390	Enterobacter hormaechei	tol-pal system-associated acyl-CoA thioesterase	486808..487539	refseq_gene_name	732	243	True
enterobacter	exbB	exbB|WP_023309174.1|NZ_CP011863.1|ACJ69_RS20635	ncbi_refseq_auto	GCF_001521715.1	NZ_CP011863.1	WP_023309174.1	ACJ69_RS20635	Enterobacter asburiae	tol-pal system-associated acyl-CoA thioesterase	4252458..4253189	species representative; ortholog by 97.1% identity to the panel allele; modal in 3/3 screened Enterobacter asburiae genomes	732	243	True
enterobacter	exbB	exbB|WP_032643394.1|NZ_CP043318.1|FY206_RS20735	ncbi_refseq_auto	GCF_001984825.2	NZ_CP043318.1	WP_032643394.1	FY206_RS20735	Enterobacter chengduensis	tol-pal system-associated acyl-CoA thioesterase	complement(4290089..4290820)	species representative; ortholog by 98.4% identity to the panel allele; modal in 1/2 screened Enterobacter chengduensis genomes	732	243	True
enterobacter	exbB	exbB|WP_013098712.1|NC_014121.1|ECL_RS21595	ncbi_refseq_auto	GCF_000025565.1	NC_014121.1	WP_013098712.1	ECL_RS21595	Enterobacter cloacae	tol-pal system-associated acyl-CoA thioesterase	complement(4440732..4441463)	species representative; ortholog by 97.1% identity to the panel allele; modal in 4/4 screened Enterobacter cloacae genomes	732	243	True
enterobacter	exbB	exbB|WP_014885233.1|NZ_AP022452.1|JLF39_RS20205	ncbi_refseq_auto	GCF_015136055.1	NZ_AP022452.1	WP_014885233.1	JLF39_RS20205	Enterobacter kobei	tol-pal system-associated acyl-CoA thioesterase	complement(4189067..4189798)	species representative; ortholog by 98.8% identity to the panel allele; modal in 2/3 screened Enterobacter kobei genomes	732	243	True
enterobacter	exbB	exbB|WP_100166417.1|NZ_CP055276.1|HUI94_RS15975	ncbi_refseq_auto	GCF_019203945.1	NZ_CP055276.1	WP_100166417.1	HUI94_RS15975	Enterobacter mori	tol-pal system-associated acyl-CoA thioesterase	3378985..3379716	species representative; ortholog by 97.5% identity to the panel allele; modal in 4/5 screened Enterobacter mori genomes	732	243	True
enterobacter	exbB	exbB|WP_021242115.1|NZ_CP017184.1|BFV67_RS18530	ncbi_refseq_auto	GCF_001729805.1	NZ_CP017184.1	WP_021242115.1	BFV67_RS18530	Enterobacter roggenkampii	tol-pal system-associated acyl-CoA thioesterase	complement(3973740..3974471)	species representative; ortholog by 97.9% identity to the panel allele; modal in 4/4 screened Enterobacter roggenkampii genomes	732	243	True
enterobacter	exbD	exbD|WP_006811959.1|NZ_CP077308.1|I6L63_RS02395	ncbi_refseq_auto	GCF_019048245.1	NZ_CP077308.1	WP_006811959.1	I6L63_RS02395	Enterobacter hormaechei	TonB system transport protein ExbD	487544..487969	refseq_gene_name	426	141	True
enterobacter	exbD	exbD|WP_023309173.1|NZ_CP011863.1|ACJ69_RS20640	ncbi_refseq_auto	GCF_001521715.1	NZ_CP011863.1	WP_023309173.1	ACJ69_RS20640	Enterobacter asburiae	TonB system transport protein ExbD	4253194..4253619	species representative; ortholog by 96.5% identity to the panel allele; modal in 3/3 screened Enterobacter asburiae genomes	426	141	True
enterobacter	exbD	exbD|WP_032643392.1|NZ_CP043318.1|FY206_RS20730	ncbi_refseq_auto	GCF_001984825.2	NZ_CP043318.1	WP_032643392.1	FY206_RS20730	Enterobacter chengduensis	TonB system transport protein ExbD	complement(4289659..4290084)	species representative; ortholog by 98.6% identity to the panel allele; modal in 1/2 screened Enterobacter chengduensis genomes	426	141	True
enterobacter	exbD	exbD|WP_014833267.1|NC_014121.1|ECL_RS21590	ncbi_refseq_auto	GCF_000025565.1	NC_014121.1	WP_014833267.1	ECL_RS21590	Enterobacter cloacae	TonB system transport protein ExbD	complement(4440300..4440725)	species representative; ortholog by 97.9% identity to the panel allele; modal in 4/4 screened Enterobacter cloacae genomes	426	141	True
enterobacter	exbD	exbD|WP_014885232.1|NZ_AP022452.1|JLF39_RS20200	ncbi_refseq_auto	GCF_015136055.1	NZ_AP022452.1	WP_014885232.1	JLF39_RS20200	Enterobacter kobei	TonB system transport protein ExbD	complement(4188637..4189062)	species representative; ortholog by 98.6% identity to the panel allele; modal in 2/3 screened Enterobacter kobei genomes	426	141	True
enterobacter	exbD	exbD|WP_001251472.1|NZ_CP055276.1|HUI94_RS15980	ncbi_refseq_auto	GCF_019203945.1	NZ_CP055276.1	WP_001251472.1	HUI94_RS15980	Enterobacter mori	TonB system transport protein ExbD	3379721..3380146	species representative; ortholog by 99.3% identity to the panel allele; modal in 2/5 screened Enterobacter mori genomes	426	141	True
enterobacter	exbD	exbD|WP_008499809.1|NZ_CP017184.1|BFV67_RS18525	ncbi_refseq_auto	GCF_001729805.1	NZ_CP017184.1	WP_008499809.1	BFV67_RS18525	Enterobacter roggenkampii	TonB system transport protein ExbD	complement(3973310..3973735)	species representative; ortholog by 97.2% identity to the panel allele; modal in 4/4 screened Enterobacter roggenkampii genomes	426	141	True
enterobacter	fhuA	fhuA|WP_006810058.1|NZ_CP077308.1|I6L63_RS17360	ncbi_refseq_auto	GCF_019048245.1	NZ_CP077308.1	WP_006810058.1	I6L63_RS17360	Enterobacter hormaechei	ferrichrome porin FhuA	complement(3562548..3564758)	refseq_gene_name	2211	736	True
enterobacter	fhuA	fhuA|WP_045134597.1|NZ_CP083828.1|LCD42_RS03840	ncbi_refseq_auto	GCF_023023125.1	NZ_CP083828.1	WP_045134597.1	LCD42_RS03840	Enterobacter kobei	ferrichrome porin FhuA	823054..825264	species representative; ortholog by 95.2% identity to the panel allele; modal in 1/3 screened Enterobacter kobei genomes	2211	736	True
enterobacter	fhuA	fhuA|WP_218402210.1|NZ_CP055276.1|HUI94_RS08300	ncbi_refseq_auto	GCF_019203945.1	NZ_CP055276.1	WP_218402210.1	HUI94_RS08300	Enterobacter mori	ferrichrome porin FhuA	complement(1758744..1760954)	species representative; ortholog by 94.7% identity to the panel allele; modal in 2/5 screened Enterobacter mori genomes	2211	736	True
enterobacter	fhuA	fhuA|WP_021240495.1|NZ_CP017184.1|BFV67_RS03770	ncbi_refseq_auto	GCF_001729805.1	NZ_CP017184.1	WP_021240495.1	BFV67_RS03770	Enterobacter roggenkampii	ferrichrome porin FhuA	824303..826513	species representative; ortholog by 95.1% identity to the panel allele; modal in 3/4 screened Enterobacter roggenkampii genomes	2211	736	True
enterobacter	ftsH	ftsH|WP_014833437.1|NZ_CP077308.1|I6L63_RS01450	ncbi_refseq_auto	GCF_019048245.1	NZ_CP077308.1	WP_014833437.1	I6L63_RS01450	Enterobacter hormaechei	ATP-dependent zinc metalloprotease FtsH	281765..283699	refseq_gene_name	1935	644	True
enterobacter	ftsH	ftsH|WP_029739626.1|NZ_CP011863.1|ACJ69_RS19740	ncbi_refseq_auto	GCF_001521715.1	NZ_CP011863.1	WP_029739626.1	ACJ69_RS19740	Enterobacter asburiae	ATP-dependent zinc metalloprotease FtsH	4074625..4076559	species representative; ortholog by 99.2% identity to the panel allele; modal in 3/3 screened Enterobacter asburiae genomes	1935	644	True
enterobacter	ftsH	ftsH|WP_013098921.1|NC_014121.1|ECL_RS22735	ncbi_refseq_auto	GCF_000025565.1	NC_014121.1	WP_013098921.1	ECL_RS22735	Enterobacter cloacae	ATP-dependent zinc metalloprotease FtsH	complement(4679693..4681627)	species representative; ortholog by 99.8% identity to the panel allele; modal in 4/4 screened Enterobacter cloacae genomes	1935	644	True
enterobacter	ftsH	ftsH|WP_010436002.1|NZ_CP055276.1|HUI94_RS14980	ncbi_refseq_auto	GCF_019203945.1	NZ_CP055276.1	WP_010436002.1	HUI94_RS14980	Enterobacter mori	ATP-dependent zinc metalloprotease FtsH	3167183..3169117	species representative; ortholog by 99.4% identity to the panel allele; modal in 4/5 screened Enterobacter mori genomes	1935	644	True
enterobacter	ftsI	ftsI|WP_003856361.1|NZ_CP077308.1|I6L63_RS17695	ncbi_refseq_auto	GCF_019048245.1	NZ_CP077308.1	WP_003856361.1	I6L63_RS17695	Enterobacter hormaechei	peptidoglycan glycosyltransferase FtsI	complement(3642460..3644226)	refseq_gene_name	1767	588	True
enterobacter	lapB	lapB|WP_006810838.1|NZ_CP077308.1|I6L63_RS08765	ncbi_refseq_auto	GCF_019048245.1	NZ_CP077308.1	WP_006810838.1	I6L63_RS08765	Enterobacter hormaechei	lipopolysaccharide assembly protein LapB	1824649..1825818	refseq_gene_name	1170	389	True
enterobacter	lapB	lapB|WP_023335944.1|NZ_CP011863.1|ACJ69_RS08060	ncbi_refseq_auto	GCF_001521715.1	NZ_CP011863.1	WP_023335944.1	ACJ69_RS08060	Enterobacter asburiae	lipopolysaccharide assembly protein LapB	complement(1636799..1637968)	species representative; ortholog by 98.5% identity to the panel allele; modal in 2/3 screened Enterobacter asburiae genomes	1170	389	True
enterobacter	lapB	lapB|WP_032640965.1|NZ_CP043318.1|FY206_RS13625	ncbi_refseq_auto	GCF_001984825.2	NZ_CP043318.1	WP_032640965.1	FY206_RS13625	Enterobacter chengduensis	lipopolysaccharide assembly protein LapB	complement(2799241..2800410)	species representative; ortholog by 98.2% identity to the panel allele; modal in 1/2 screened Enterobacter chengduensis genomes	1170	389	True
enterobacter	lapB	lapB|WP_013096375.1|NC_014121.1|ECL_RS08610	ncbi_refseq_auto	GCF_000025565.1	NC_014121.1	WP_013096375.1	ECL_RS08610	Enterobacter cloacae	lipopolysaccharide assembly protein LapB	1759758..1760927	species representative; ortholog by 98.7% identity to the panel allele; modal in 4/4 screened Enterobacter cloacae genomes	1170	389	True
enterobacter	lapB	lapB|WP_088126678.1|NZ_AP022452.1|JLF39_RS13010	ncbi_refseq_auto	GCF_015136055.1	NZ_AP022452.1	WP_088126678.1	JLF39_RS13010	Enterobacter kobei	lipopolysaccharide assembly protein LapB	complement(2705877..2707046)	species representative; ortholog by 97.9% identity to the panel allele; modal in 2/3 screened Enterobacter kobei genomes	1170	389	True
enterobacter	lapB	lapB|WP_100166146.1|NZ_CP055276.1|HUI94_RS22500	ncbi_refseq_auto	GCF_019203945.1	NZ_CP055276.1	WP_100166146.1	HUI94_RS22500	Enterobacter mori	lipopolysaccharide assembly protein LapB	4770228..4771397	species representative; ortholog by 98.5% identity to the panel allele; modal in 2/5 screened Enterobacter mori genomes	1170	389	True
enterobacter	lapB	lapB|WP_023617208.1|NZ_CP017184.1|BFV67_RS11875	ncbi_refseq_auto	GCF_001729805.1	NZ_CP017184.1	WP_023617208.1	BFV67_RS11875	Enterobacter roggenkampii	lipopolysaccharide assembly protein LapB	complement(2540780..2541949)	species representative; ortholog by 97.7% identity to the panel allele; modal in 2/4 screened Enterobacter roggenkampii genomes	1170	389	True
enterobacter	lapC	lapC|WP_006811331.1|NZ_CP077308.1|I6L63_RS05945	ncbi_refseq_auto	GCF_019048245.1	NZ_CP077308.1	WP_006811331.1	I6L63_RS05945	Enterobacter hormaechei	LPS biosynthesis-modulating metalloenzyme YejM	complement(1237130..1238890)	refseq_gene_name	1761	586	True
enterobacter	lpxC	lpxC|WP_006810110.1|NZ_CP077308.1|I6L63_RS17635	ncbi_refseq_auto	GCF_019048245.1	NZ_CP077308.1	WP_006810110.1	I6L63_RS17635	Enterobacter hormaechei	UDP-3-O-acyl-N-acetylglucosamine deacetylase	complement(3628153..3629070)	refseq_gene_name	918	305	True
enterobacter	lpxC	lpxC|WP_008501977.1|NZ_CP011863.1|ACJ69_RS13545	ncbi_refseq_auto	GCF_001521715.1	NZ_CP011863.1	WP_008501977.1	ACJ69_RS13545	Enterobacter asburiae	UDP-3-O-acyl-N-acetylglucosamine deacetylase	complement(2795469..2796386)	species representative; ortholog by 99.7% identity to the panel allele; modal in 2/3 screened Enterobacter asburiae genomes	918	305	True
enterobacter	lpxC	lpxC|WP_010426966.1|NZ_CP043318.1|FY206_RS04325	ncbi_refseq_auto	GCF_001984825.2	NZ_CP043318.1	WP_010426966.1	FY206_RS04325	Enterobacter chengduensis	UDP-3-O-acyl-N-acetylglucosamine deacetylase	898152..899069	species representative; ortholog by 99.7% identity to the panel allele; modal in 1/2 screened Enterobacter chengduensis genomes	918	305	True
enterobacter	lpxC	lpxC|WP_013095578.1|NC_014121.1|ECL_RS04315	ncbi_refseq_auto	GCF_000025565.1	NC_014121.1	WP_013095578.1	ECL_RS04315	Enterobacter cloacae	UDP-3-O-acyl-N-acetylglucosamine deacetylase	895763..896680	species representative; ortholog by 99.0% identity to the panel allele; modal in 4/4 screened Enterobacter cloacae genomes	918	305	True
enterobacter	lpxC	lpxC|WP_014882548.1|NZ_CP017181.1|BFV64_RS03410	ncbi_refseq_auto	GCF_001729765.1	NZ_CP017181.1	WP_014882548.1	BFV64_RS03410	Enterobacter kobei	UDP-3-O-acyl-N-acetylglucosamine deacetylase	718324..719241	species representative; ortholog by 98.7% identity to the panel allele; modal in 3/3 screened Enterobacter kobei genomes	918	305	True
enterobacter	marA	marA|WP_001303241.1|NZ_CP077308.1|I6L63_RS09935	ncbi_refseq_auto	GCF_019048245.1	NZ_CP077308.1	WP_001303241.1	I6L63_RS09935	Enterobacter hormaechei	MDR efflux pump AcrAB transcriptional activator MarA	2078258..2078638	refseq_gene_name	381	126	True
enterobacter	marA	marA|WP_008502237.1|NZ_CP011863.1|ACJ69_RS06735	ncbi_refseq_auto	GCF_001521715.1	NZ_CP011863.1	WP_008502237.1	ACJ69_RS06735	Enterobacter asburiae	MDR efflux pump AcrAB transcriptional activator MarA	complement(1350528..1350908)	species representative; ortholog by 99.2% identity to the panel allele; modal in 3/3 screened Enterobacter asburiae genomes	381	126	True
enterobacter	marR	marR|WP_032673829.1|NZ_CP077308.1|I6L63_RS09930	ncbi_refseq_auto	GCF_019048245.1	NZ_CP077308.1	WP_032673829.1	I6L63_RS09930	Enterobacter hormaechei	multiple antibiotic resistance transcriptional regulator MarR	2077803..2078237	refseq_gene_name	435	144	True
enterobacter	marR	marR|WP_008502236.1|NZ_CP011863.1|ACJ69_RS06740	ncbi_refseq_auto	GCF_001521715.1	NZ_CP011863.1	WP_008502236.1	ACJ69_RS06740	Enterobacter asburiae	multiple antibiotic resistance transcriptional regulator MarR	complement(1350929..1351363)	species representative; ortholog by 95.8% identity to the panel allele; modal in 2/3 screened Enterobacter asburiae genomes	435	144	True
enterobacter	marR	marR|WP_008502236.1|NZ_CP043318.1|FY206_RS12325	ncbi_refseq_auto	GCF_001984825.2	NZ_CP043318.1	WP_008502236.1	FY206_RS12325	Enterobacter chengduensis	multiple antibiotic resistance transcriptional regulator MarR	complement(2522870..2523304)	species representative; ortholog by 96.5% identity to the panel allele; modal in 2/2 screened Enterobacter chengduensis genomes	435	144	True
enterobacter	marR	marR|WP_013096627.1|NC_014121.1|ECL_RS09875	ncbi_refseq_auto	GCF_000025565.1	NC_014121.1	WP_013096627.1	ECL_RS09875	Enterobacter cloacae	multiple antibiotic resistance transcriptional regulator MarR	2044185..2044619	species representative; ortholog by 93.1% identity to the panel allele; modal in 4/4 screened Enterobacter cloacae genomes	435	144	True
enterobacter	marR	marR|WP_014883825.1|NZ_CP017181.1|BFV64_RS11365	ncbi_refseq_auto	GCF_001729765.1	NZ_CP017181.1	WP_014883825.1	BFV64_RS11365	Enterobacter kobei	multiple antibiotic resistance transcriptional regulator MarR	complement(2347482..2347916)	species representative; ortholog by 96.5% identity to the panel allele; modal in 3/3 screened Enterobacter kobei genomes	435	144	True
enterobacter	marR	marR|WP_010431103.1|NZ_CP055276.1|HUI94_RS00930	ncbi_refseq_auto	GCF_019203945.1	NZ_CP055276.1	WP_010431103.1	HUI94_RS00930	Enterobacter mori	multiple antibiotic resistance transcriptional regulator MarR	200537..200971	species representative; ortholog by 97.9% identity to the panel allele; modal in 5/5 screened Enterobacter mori genomes	435	144	True
enterobacter	mdtK	mdtK|WP_006809016.1|NZ_CP077308.1|I6L63_RS11410	ncbi_refseq_auto	GCF_019048245.1	NZ_CP077308.1	WP_006809016.1	I6L63_RS11410	Enterobacter hormaechei	MdtK family multidrug efflux MATE transporter	2382296..2383669	refseq_gene_name	1374	457	True
enterobacter	mdtK	mdtK|WP_029739789.1|NZ_CP011863.1|ACJ69_RS05040	ncbi_refseq_auto	GCF_001521715.1	NZ_CP011863.1	WP_029739789.1	ACJ69_RS05040	Enterobacter asburiae	MdtK family multidrug efflux MATE transporter	complement(1018718..1020091)	species representative; ortholog by 93.4% identity to the panel allele; modal in 2/3 screened Enterobacter asburiae genomes	1374	457	True
enterobacter	mdtK	mdtK|WP_032639970.1|NZ_CP043318.1|FY206_RS10905	ncbi_refseq_auto	GCF_001984825.2	NZ_CP043318.1	WP_032639970.1	FY206_RS10905	Enterobacter chengduensis	MdtK family multidrug efflux MATE transporter	complement(2211233..2212606)	species representative; ortholog by 93.7% identity to the panel allele; modal in 1/2 screened Enterobacter chengduensis genomes	1374	457	True
enterobacter	mdtK	mdtK|WP_013096934.1|NC_014121.1|ECL_RS11485	ncbi_refseq_auto	GCF_000025565.1	NC_014121.1	WP_013096934.1	ECL_RS11485	Enterobacter cloacae	MdtK family multidrug efflux MATE transporter	2392916..2394289	species representative; ortholog by 93.2% identity to the panel allele; modal in 4/4 screened Enterobacter cloacae genomes	1374	457	True
enterobacter	mdtK	mdtK|WP_014883547.1|NZ_AP022452.1|JLF39_RS10400	ncbi_refseq_auto	GCF_015136055.1	NZ_AP022452.1	WP_014883547.1	JLF39_RS10400	Enterobacter kobei	MdtK family multidrug efflux MATE transporter	complement(2143521..2144894)	species representative; ortholog by 94.1% identity to the panel allele; modal in 2/3 screened Enterobacter kobei genomes	1374	457	True
enterobacter	mdtK	mdtK|WP_215230964.1|NZ_CP055276.1|HUI94_RS02530	ncbi_refseq_auto	GCF_019203945.1	NZ_CP055276.1	WP_215230964.1	HUI94_RS02530	Enterobacter mori	MATE family efflux transporter	541367..542740	species representative; ortholog by 94.5% identity to the panel allele; modal in 3/5 screened Enterobacter mori genomes	1374	457	True
enterobacter	mdtK	mdtK|WP_021241123.1|NZ_CP017184.1|BFV67_RS09005	ncbi_refseq_auto	GCF_001729805.1	NZ_CP017184.1	WP_021241123.1	BFV67_RS09005	Enterobacter roggenkampii	MdtK family multidrug efflux MATE transporter	complement(1921486..1922859)	species representative; ortholog by 93.9% identity to the panel allele; modal in 4/4 screened Enterobacter roggenkampii genomes	1374	457	True
enterobacter	mrcA	mrcA|WP_006812234.1|NZ_CP077308.1|I6L63_RS00475	ncbi_refseq_auto	GCF_019048245.1	NZ_CP077308.1	WP_006812234.1	I6L63_RS00475	Enterobacter hormaechei	peptidoglycan glycosyltransferase/peptidoglycan DD-transpeptidase MrcA	complement(102284..104836)	refseq_gene_name	2553	850	True
enterobacter	mrcA	mrcA|WP_059347511.1|NZ_CP011863.1|ACJ69_RS18770	ncbi_refseq_auto	GCF_001521715.1	NZ_CP011863.1	WP_059347511.1	ACJ69_RS18770	Enterobacter asburiae	peptidoglycan glycosyltransferase/peptidoglycan DD-transpeptidase MrcA	complement(3899688..3902240)	species representative; ortholog by 94.6% identity to the panel allele; modal in 2/3 screened Enterobacter asburiae genomes	2553	850	True
enterobacter	mrcA	mrcA|WP_032644573.1|NZ_CP043318.1|FY206_RS22770	ncbi_refseq_auto	GCF_001984825.2	NZ_CP043318.1	WP_032644573.1	FY206_RS22770	Enterobacter chengduensis	peptidoglycan glycosyltransferase/peptidoglycan DD-transpeptidase MrcA	4682678..4685230	species representative; ortholog by 94.4% identity to the panel allele; modal in 1/2 screened Enterobacter chengduensis genomes	2553	850	True
enterobacter	mrcA	mrcA|WP_013099079.1|NC_014121.1|ECL_RS23750	ncbi_refseq_auto	GCF_000025565.1	NC_014121.1	WP_013099079.1	ECL_RS23750	Enterobacter cloacae	peptidoglycan glycosyltransferase/peptidoglycan DD-transpeptidase MrcA	4865804..4868356	species representative; ortholog by 95.9% identity to the panel allele; modal in 4/4 screened Enterobacter cloacae genomes	2553	850	True
enterobacter	mrcA	mrcA|WP_014885532.1|NZ_CP017181.1|BFV64_RS21905	ncbi_refseq_auto	GCF_001729765.1	NZ_CP017181.1	WP_014885532.1	BFV64_RS21905	Enterobacter kobei	peptidoglycan glycosyltransferase/peptidoglycan DD-transpeptidase MrcA	4494696..4497248	species representative; ortholog by 95.6% identity to the panel allele; modal in 3/3 screened Enterobacter kobei genomes	2553	850	True
enterobacter	mrcA	mrcA|WP_120159449.1|NZ_CP091779.1|L6Y89_RS20525	ncbi_refseq_auto	GCF_022014715.1	NZ_CP091779.1	WP_120159449.1	L6Y89_RS20525	Enterobacter mori	peptidoglycan glycosyltransferase/peptidoglycan DD-transpeptidase MrcA	4319232..4321784	species representative; ortholog by 95.6% identity to the panel allele; modal in 3/5 screened Enterobacter mori genomes	2553	850	True
enterobacter	mrcA	mrcA|WP_023326230.1|NZ_CP017184.1|BFV67_RS20470	ncbi_refseq_auto	GCF_001729805.1	NZ_CP017184.1	WP_023326230.1	BFV67_RS20470	Enterobacter roggenkampii	peptidoglycan glycosyltransferase/peptidoglycan DD-transpeptidase MrcA	4346887..4349439	species representative; ortholog by 95.4% identity to the panel allele; modal in 3/4 screened Enterobacter roggenkampii genomes	2553	850	True
enterobacter	mrcB	mrcB|WP_032673640.1|NZ_CP077308.1|I6L63_RS17365	ncbi_refseq_auto	GCF_019048245.1	NZ_CP077308.1	WP_032673640.1	I6L63_RS17365	Enterobacter hormaechei	bifunctional glycosyl transferase/transpeptidase	complement(3564991..3567513)	refseq_gene_name	2523	840	True
enterobacter	mrcB	mrcB|WP_029741214.1|NZ_CP011863.1|ACJ69_RS13310	ncbi_refseq_auto	GCF_001521715.1	NZ_CP011863.1	WP_029741214.1	ACJ69_RS13310	Enterobacter asburiae	bifunctional glycosyl transferase/transpeptidase	complement(2741830..2744355)	species representative; ortholog by 97.0% identity to the panel allele; modal in 2/3 screened Enterobacter asburiae genomes	2526	841	True
enterobacter	mrcB	mrcB|WP_032644115.1|NZ_CP043318.1|FY206_RS04625	ncbi_refseq_auto	GCF_001984825.2	NZ_CP043318.1	WP_032644115.1	FY206_RS04625	Enterobacter chengduensis	bifunctional glycosyl transferase/transpeptidase	962346..964868	species representative; ortholog by 97.1% identity to the panel allele; modal in 1/2 screened Enterobacter chengduensis genomes	2523	840	True
enterobacter	mrcB	mrcB|WP_013095636.1|NC_014121.1|ECL_RS04605	ncbi_refseq_auto	GCF_000025565.1	NC_014121.1	WP_013095636.1	ECL_RS04605	Enterobacter cloacae	bifunctional glycosyl transferase/transpeptidase	959013..961538	species representative; ortholog by 97.9% identity to the panel allele; modal in 4/4 screened Enterobacter cloacae genomes	2526	841	True
enterobacter	mrcB	mrcB|WP_014882607.1|NZ_CP017181.1|BFV64_RS03715	ncbi_refseq_auto	GCF_001729765.1	NZ_CP017181.1	WP_014882607.1	BFV64_RS03715	Enterobacter kobei	bifunctional glycosyl transferase/transpeptidase	783903..786428	species representative; ortholog by 98.0% identity to the panel allele; modal in 3/3 screened Enterobacter kobei genomes	2526	841	True
enterobacter	mrcB	mrcB|WP_089599149.1|NZ_CP091779.1|L6Y89_RS03765	ncbi_refseq_auto	GCF_022014715.1	NZ_CP091779.1	WP_089599149.1	L6Y89_RS03765	Enterobacter mori	bifunctional glycosyl transferase/transpeptidase	798038..800563	species representative; ortholog by 98.6% identity to the panel allele; modal in 2/5 screened Enterobacter mori genomes	2526	841	True
enterobacter	mrcB	mrcB|WP_069597891.1|NZ_CP017184.1|BFV67_RS03765	ncbi_refseq_auto	GCF_001729805.1	NZ_CP017184.1	WP_069597891.1	BFV67_RS03765	Enterobacter roggenkampii	bifunctional glycosyl transferase/transpeptidase	821552..824071	species representative; ortholog by 96.8% identity to the panel allele; modal in 2/4 screened Enterobacter roggenkampii genomes	2520	839	True
enterobacter	mrdA	mrdA|WP_006809631.1|NZ_CP077308.1|I6L63_RS14825	ncbi_refseq_auto	GCF_019048245.1	NZ_CP077308.1	WP_006809631.1	I6L63_RS14825	Enterobacter hormaechei	peptidoglycan DD-transpeptidase MrdA	3067393..3069294	refseq_gene_name	1902	633	True
enterobacter	mrdA	mrdA|WP_023310747.1|NZ_CP011863.1|ACJ69_RS01845	ncbi_refseq_auto	GCF_001521715.1	NZ_CP011863.1	WP_023310747.1	ACJ69_RS01845	Enterobacter asburiae	peptidoglycan DD-transpeptidase MrdA	complement(369469..371370)	species representative; ortholog by 97.5% identity to the panel allele; modal in 3/3 screened Enterobacter asburiae genomes	1902	633	True
enterobacter	mrdA	mrdA|WP_032638848.1|NZ_CP043318.1|FY206_RS07360	ncbi_refseq_auto	GCF_001984825.2	NZ_CP043318.1	WP_032638848.1	FY206_RS07360	Enterobacter chengduensis	peptidoglycan DD-transpeptidase MrdA	complement(1490443..1492344)	species representative; ortholog by 97.6% identity to the panel allele; modal in 1/2 screened Enterobacter chengduensis genomes	1902	633	True
enterobacter	mrdA	mrdA|WP_013097589.1|NC_014121.1|ECL_RS15075	ncbi_refseq_auto	GCF_000025565.1	NC_014121.1	WP_013097589.1	ECL_RS15075	Enterobacter cloacae	peptidoglycan DD-transpeptidase MrdA	3117784..3119685	species representative; ortholog by 98.7% identity to the panel allele; modal in 4/4 screened Enterobacter cloacae genomes	1902	633	True
enterobacter	mrdA	mrdA|WP_014882994.1|NZ_CP017181.1|BFV64_RS05970	ncbi_refseq_auto	GCF_001729765.1	NZ_CP017181.1	WP_014882994.1	BFV64_RS05970	Enterobacter kobei	peptidoglycan DD-transpeptidase MrdA	complement(1261833..1263734)	species representative; ortholog by 97.8% identity to the panel allele; modal in 2/3 screened Enterobacter kobei genomes	1902	633	True
enterobacter	mrdA	mrdA|WP_089598886.1|NZ_CP055276.1|HUI94_RS06035	ncbi_refseq_auto	GCF_019203945.1	NZ_CP055276.1	WP_089598886.1	HUI94_RS06035	Enterobacter mori	peptidoglycan DD-transpeptidase MrdA	1254797..1256698	species representative; ortholog by 98.3% identity to the panel allele; modal in 5/5 screened Enterobacter mori genomes	1902	633	True
enterobacter	mrdA	mrdA|WP_023293034.1|NZ_CP017184.1|BFV67_RS05735	ncbi_refseq_auto	GCF_001729805.1	NZ_CP017184.1	WP_023293034.1	BFV67_RS05735	Enterobacter roggenkampii	peptidoglycan DD-transpeptidase MrdA	complement(1243674..1245575)	species representative; ortholog by 97.9% identity to the panel allele; modal in 4/4 screened Enterobacter roggenkampii genomes	1902	633	True
enterobacter	ompA	ompA|WP_017694761.1|NZ_CP077308.1|I6L63_RS13240	ncbi_refseq_auto	GCF_019048245.1	NZ_CP077308.1	WP_017694761.1	I6L63_RS13240	Enterobacter hormaechei	porin OmpA	2716299..2717351	refseq_gene_name	1053	350	True
enterobacter	ompA	ompA|WP_115504044.1|NZ_CP011863.1|ACJ69_RS03425	ncbi_refseq_auto	GCF_001521715.1	NZ_CP011863.1	WP_115504044.1	ACJ69_RS03425	Enterobacter asburiae	porin OmpA	complement(708652..709707)	species representative; ortholog by 96.3% identity to the panel allele; modal in 2/3 screened Enterobacter asburiae genomes	1056	351	True
enterobacter	ompA	ompA|WP_120286683.1|NZ_CP043318.1|FY206_RS09010	ncbi_refseq_auto	GCF_001984825.2	NZ_CP043318.1	WP_120286683.1	FY206_RS09010	Enterobacter chengduensis	porin OmpA	complement(1845975..1847030)	species representative; ortholog by 98.6% identity to the panel allele; modal in 1/2 screened Enterobacter chengduensis genomes	1056	351	True
enterobacter	ompA	ompA|WP_044158562.1|NC_014121.1|ECL_RS13200	ncbi_refseq_auto	GCF_000025565.1	NC_014121.1	WP_044158562.1	ECL_RS13200	Enterobacter cloacae	porin OmpA	2728291..2729346	species representative; ortholog by 96.9% identity to the panel allele; modal in 4/4 screened Enterobacter cloacae genomes	1056	351	True
enterobacter	ompA	ompA|WP_014883252.1|NZ_CP017181.1|BFV64_RS07785	ncbi_refseq_auto	GCF_001729765.1	NZ_CP017181.1	WP_014883252.1	BFV64_RS07785	Enterobacter kobei	porin OmpA	complement(1640801..1641856)	species representative; ortholog by 98.6% identity to the panel allele; modal in 2/3 screened Enterobacter kobei genomes	1056	351	True
enterobacter	ompA	ompA|WP_010429345.1|NZ_CP055276.1|HUI94_RS04405	ncbi_refseq_auto	GCF_019203945.1	NZ_CP055276.1	WP_010429345.1	HUI94_RS04405	Enterobacter mori	porin OmpA	896727..897782	species representative; ortholog by 99.1% identity to the panel allele; modal in 5/5 screened Enterobacter mori genomes	1056	351	True
enterobacter	ompA	ompA|WP_023292865.1|NZ_CP017184.1|BFV67_RS07395	ncbi_refseq_auto	GCF_001729805.1	NZ_CP017184.1	WP_023292865.1	BFV67_RS07395	Enterobacter roggenkampii	porin OmpA	complement(1612692..1613747)	species representative; ortholog by 97.7% identity to the panel allele; modal in 3/4 screened Enterobacter roggenkampii genomes	1056	351	True
enterobacter	ompC	ompC|WP_006811342.1|NZ_CP077308.1|I6L63_RS05890	ncbi_refseq_auto	GCF_019048245.1	NZ_CP077308.1	WP_006811342.1	I6L63_RS05890	Enterobacter hormaechei	porin OmpC	1225406..1226497	ompC-locus synteny (apbE/ada/rcsD-rcsB/nrdB/glpQ) as in E. coli ompC and K. pneumoniae ompK36; 90.4% to E. coli OmpC, 88.3% to Kp OmpK36	1092	363	True
enterobacter	ompC	ompC|WP_100166597.1|NZ_CM165874.1|AC1RWF_RS11855	ncbi_refseq_auto	GCF_056783785.1	NZ_CM165874.1	WP_100166597.1	AC1RWF_RS11855	Enterobacter mori	porin OmpC	2477513..2478586	species representative; ortholog by 80.7% identity to the panel allele; modal in 1/1 screened Enterobacter mori genomes	1074	357	True
enterobacter	ompF	ompF|WP_006809366.1|NZ_CP077308.1|I6L63_RS13345	ncbi_refseq_auto	GCF_019048245.1	NZ_CP077308.1	WP_006809366.1	I6L63_RS13345	Enterobacter hormaechei	porin OmpF	2742108..2743166	refseq_gene_name	1059	352	True
enterobacter	ompF	ompF|WP_020689704.1|NZ_CP056776.1|HWQ16_RS25580	ncbi_refseq_auto	GCF_013376815.1	NZ_CP056776.1	WP_020689704.1	HWQ16_RS25580	Enterobacter cloacae	porin OmpF	5250081..5251136	species representative; ortholog by 94.0% identity to the panel allele; modal in 3/4 screened Enterobacter cloacae genomes	1056	351	True
enterobacter	ompF	ompF|WP_420984978.1|NZ_CP197270.1|ACS9E6_RS15220	ncbi_refseq_auto	GCF_055797315.1	NZ_CP197270.1	WP_420984978.1	ACS9E6_RS15220	Enterobacter mori	porin OmpF	3178106..3179164	species representative; ortholog by 93.8% identity to the panel allele; modal in 2/5 screened Enterobacter mori genomes	1059	352	True
enterobacter	ompF	ompF|WP_063436156.1|NZ_CP017184.1|BFV67_RS07290	ncbi_refseq_auto	GCF_001729805.1	NZ_CP017184.1	WP_063436156.1	BFV67_RS07290	Enterobacter roggenkampii	porin OmpF	complement(1586879..1587937)	species representative; ortholog by 92.9% identity to the panel allele; modal in 2/4 screened Enterobacter roggenkampii genomes	1059	352	True
enterobacter	ompR	ompR|WP_001157751.1|NZ_CP077308.1|I6L63_RS00435	ncbi_refseq_auto	GCF_019048245.1	NZ_CP077308.1	WP_001157751.1	I6L63_RS00435	Enterobacter hormaechei	osmolarity response regulator transcription factor OmpR	92953..93672	refseq_gene_name	720	239	True
enterobacter	ompR	ompR|WP_006177890.1|NC_014121.1|ECL_RS23800	ncbi_refseq_auto	GCF_000025565.1	NC_014121.1	WP_006177890.1	ECL_RS23800	Enterobacter cloacae	osmolarity response regulator transcription factor OmpR	complement(4879977..4880696)	species representative; ortholog by 99.6% identity to the panel allele; modal in 4/4 screened Enterobacter cloacae genomes	720	239	True
enterobacter	phoE	phoE|WP_006809997.1|NZ_CP077308.1|I6L63_RS16945	ncbi_refseq_auto	GCF_019048245.1	NZ_CP077308.1	WP_006809997.1	I6L63_RS16945	Enterobacter hormaechei	phosphoporin PhoE	3477603..3478655	refseq_gene_name	1053	350	True
enterobacter	phoE	phoE|WP_024909471.1|NZ_CP011863.1|ACJ69_RS22935	ncbi_refseq_auto	GCF_001521715.1	NZ_CP011863.1	WP_024909471.1	ACJ69_RS22935	Enterobacter asburiae	phosphoporin PhoE	complement(4687752..4688804)	species representative; ortholog by 90.9% identity to the panel allele; modal in 2/3 screened Enterobacter asburiae genomes	1053	350	True
enterobacter	phoE	phoE|WP_032638328.1|NZ_CP043318.1|FY206_RS05105	ncbi_refseq_auto	GCF_001984825.2	NZ_CP043318.1	WP_032638328.1	FY206_RS05105	Enterobacter chengduensis	phosphoporin PhoE	complement(1064842..1065894)	species representative; ortholog by 96.6% identity to the panel allele; modal in 1/2 screened Enterobacter chengduensis genomes	1053	350	True
enterobacter	phoE	phoE|WP_013095744.1|NC_014121.1|ECL_RS05220	ncbi_refseq_auto	GCF_000025565.1	NC_014121.1	WP_013095744.1	ECL_RS05220	Enterobacter cloacae	phosphoporin PhoE	complement(1103964..1105016)	species representative; ortholog by 93.1% identity to the panel allele; modal in 4/4 screened Enterobacter cloacae genomes	1053	350	True
enterobacter	phoE	phoE|WP_014882683.1|NZ_CP083828.1|LCD42_RS04295	ncbi_refseq_auto	GCF_023023125.1	NZ_CP083828.1	WP_014882683.1	LCD42_RS04295	Enterobacter kobei	phosphoporin PhoE	complement(917940..918992)	species representative; ortholog by 92.9% identity to the panel allele; modal in 1/3 screened Enterobacter kobei genomes	1053	350	True
enterobacter	phoE	phoE|WP_010427906.1|NZ_CP055276.1|HUI94_RS07715	ncbi_refseq_auto	GCF_019203945.1	NZ_CP055276.1	WP_010427906.1	HUI94_RS07715	Enterobacter mori	phosphoporin PhoE	1612415..1613467	species representative; ortholog by 97.7% identity to the panel allele; modal in 5/5 screened Enterobacter mori genomes	1053	350	True
enterobacter	phoE	phoE|WP_069597904.1|NZ_CP017184.1|BFV67_RS04220	ncbi_refseq_auto	GCF_001729805.1	NZ_CP017184.1	WP_069597904.1	BFV67_RS04220	Enterobacter roggenkampii	phosphoporin PhoE	complement(918389..919441)	species representative; ortholog by 91.4% identity to the panel allele; modal in 2/4 screened Enterobacter roggenkampii genomes	1053	350	True
enterobacter	pmrA	pmrA|WP_003861819.1|NZ_CP077308.1|I6L63_RS01425	ncbi_refseq_auto	GCF_019048245.1	NZ_CP077308.1	WP_003861819.1	I6L63_RS01425	Enterobacter hormaechei	two-component system response regulator PmrA	complement(277660..278322)	refseq_gene_name	663	220	True
enterobacter	pmrA	pmrA|WP_029739624.1|NZ_CP011863.1|ACJ69_RS19715	ncbi_refseq_auto	GCF_001521715.1	NZ_CP011863.1	WP_029739624.1	ACJ69_RS19715	Enterobacter asburiae	two-component system response regulator PmrA	complement(4070520..4071182)	species representative; ortholog by 95.0% identity to the panel allele; modal in 2/3 screened Enterobacter asburiae genomes	663	220	True
enterobacter	pmrA	pmrA|WP_032642356.1|NZ_CP043318.1|FY206_RS21785	ncbi_refseq_auto	GCF_001984825.2	NZ_CP043318.1	WP_032642356.1	FY206_RS21785	Enterobacter chengduensis	two-component system response regulator PmrA	4505883..4506545	species representative; ortholog by 95.5% identity to the panel allele; modal in 1/2 screened Enterobacter chengduensis genomes	663	220	True
enterobacter	pmrA	pmrA|WP_013098925.1|NC_014121.1|ECL_RS22760	ncbi_refseq_auto	GCF_000025565.1	NC_014121.1	WP_013098925.1	ECL_RS22760	Enterobacter cloacae	two-component system response regulator PmrA	4685069..4685731	species representative; ortholog by 97.3% identity to the panel allele; modal in 4/4 screened Enterobacter cloacae genomes	663	220	True
enterobacter	pmrA	pmrA|WP_014885379.1|NZ_CP017181.1|BFV64_RS20810	ncbi_refseq_auto	GCF_001729765.1	NZ_CP017181.1	WP_014885379.1	BFV64_RS20810	Enterobacter kobei	two-component system response regulator PmrA	4297020..4297682	species representative; ortholog by 95.9% identity to the panel allele; modal in 3/3 screened Enterobacter kobei genomes	663	220	True
enterobacter	pmrA	pmrA|WP_042714459.1|NZ_CP055276.1|HUI94_RS14955	ncbi_refseq_auto	GCF_019203945.1	NZ_CP055276.1	WP_042714459.1	HUI94_RS14955	Enterobacter mori	two-component system response regulator PmrA	complement(3163078..3163740)	species representative; ortholog by 97.3% identity to the panel allele; modal in 3/5 screened Enterobacter mori genomes	663	220	True
enterobacter	pmrA	pmrA|WP_008501465.1|NZ_CP017184.1|BFV67_RS19465	ncbi_refseq_auto	GCF_001729805.1	NZ_CP017184.1	WP_008501465.1	BFV67_RS19465	Enterobacter roggenkampii	two-component system response regulator PmrA	4165871..4166533	species representative; ortholog by 95.0% identity to the panel allele; modal in 4/4 screened Enterobacter roggenkampii genomes	663	220	True
enterobacter	pmrB	pmrB|WP_006812123.1|NZ_CP077308.1|I6L63_RS01420	ncbi_refseq_auto	GCF_019048245.1	NZ_CP077308.1	WP_006812123.1	I6L63_RS01420	Enterobacter hormaechei	two-component system sensor histidine kinase PmrB	complement(276620..277663)	refseq_gene_name	1044	347	True
enterobacter	pmrB	pmrB|WP_047646427.1|NZ_CP011863.1|ACJ69_RS19710	ncbi_refseq_auto	GCF_001521715.1	NZ_CP011863.1	WP_047646427.1	ACJ69_RS19710	Enterobacter asburiae	two-component system sensor histidine kinase PmrB	complement(4069480..4070523)	species representative; ortholog by 93.6% identity to the panel allele; modal in 2/3 screened Enterobacter asburiae genomes	1044	347	True
enterobacter	pmrB	pmrB|WP_032642358.1|NZ_CP043318.1|FY206_RS21790	ncbi_refseq_auto	GCF_001984825.2	NZ_CP043318.1	WP_032642358.1	FY206_RS21790	Enterobacter chengduensis	two-component system sensor histidine kinase PmrB	4506542..4507585	species representative; ortholog by 92.5% identity to the panel allele; modal in 1/2 screened Enterobacter chengduensis genomes	1044	347	True
enterobacter	pmrB	pmrB|WP_013098926.1|NC_014121.1|ECL_RS22765	ncbi_refseq_auto	GCF_000025565.1	NC_014121.1	WP_013098926.1	ECL_RS22765	Enterobacter cloacae	two-component system sensor histidine kinase PmrB	4685728..4686771	species representative; ortholog by 92.2% identity to the panel allele; modal in 4/4 screened Enterobacter cloacae genomes	1044	347	True
enterobacter	pmrB	pmrB|WP_063434727.1|NZ_CP083828.1|LCD42_RS19340	ncbi_refseq_auto	GCF_023023125.1	NZ_CP083828.1	WP_063434727.1	LCD42_RS19340	Enterobacter kobei	two-component system sensor histidine kinase PmrB	4080029..4081072	species representative; ortholog by 92.5% identity to the panel allele; modal in 1/3 screened Enterobacter kobei genomes	1044	347	True
enterobacter	pmrB	pmrB|WP_100166520.1|NZ_CP055276.1|HUI94_RS14950	ncbi_refseq_auto	GCF_019203945.1	NZ_CP055276.1	WP_100166520.1	HUI94_RS14950	Enterobacter mori	two-component system sensor histidine kinase PmrB	complement(3162038..3163081)	species representative; ortholog by 92.8% identity to the panel allele; modal in 2/5 screened Enterobacter mori genomes	1044	347	True
enterobacter	pmrB	pmrB|WP_021242260.1|NZ_CP017184.1|BFV67_RS19470	ncbi_refseq_auto	GCF_001729805.1	NZ_CP017184.1	WP_021242260.1	BFV67_RS19470	Enterobacter roggenkampii	two-component system sensor histidine kinase PmrB	4166530..4167573	species representative; ortholog by 91.6% identity to the panel allele; modal in 2/4 screened Enterobacter roggenkampii genomes	1044	347	True
enterobacter	qseB	qseB|WP_006811970.1|NZ_CP077308.1|I6L63_RS02330	ncbi_refseq_auto	GCF_019048245.1	NZ_CP077308.1	WP_006811970.1	I6L63_RS02330	Enterobacter hormaechei	quorum sensing response regulator transcription factor QseB	complement(471402..472061)	refseq_gene_name	660	219	True
enterobacter	qseB	qseB|WP_059347660.1|NZ_CP011863.1|ACJ69_RS20575	ncbi_refseq_auto	GCF_001521715.1	NZ_CP011863.1	WP_059347660.1	ACJ69_RS20575	Enterobacter asburiae	quorum sensing response regulator transcription factor QseB	complement(4237068..4237727)	species representative; ortholog by 93.2% identity to the panel allele; modal in 2/3 screened Enterobacter asburiae genomes	660	219	True
enterobacter	qseB	qseB|WP_032642053.1|NZ_CP043318.1|FY206_RS20900	ncbi_refseq_auto	GCF_001984825.2	NZ_CP043318.1	WP_032642053.1	FY206_RS20900	Enterobacter chengduensis	quorum sensing response regulator transcription factor QseB	4322759..4323418	species representative; ortholog by 92.2% identity to the panel allele; modal in 1/2 screened Enterobacter chengduensis genomes	660	219	True
enterobacter	qseB	qseB|WP_013098725.1|NC_014121.1|ECL_RS21655	ncbi_refseq_auto	GCF_000025565.1	NC_014121.1	WP_013098725.1	ECL_RS21655	Enterobacter cloacae	quorum sensing response regulator transcription factor QseB	4456199..4456858	species representative; ortholog by 95.4% identity to the panel allele; modal in 4/4 screened Enterobacter cloacae genomes	660	219	True
enterobacter	qseB	qseB|WP_014885245.1|NZ_CP017181.1|BFV64_RS19595	ncbi_refseq_auto	GCF_001729765.1	NZ_CP017181.1	WP_014885245.1	BFV64_RS19595	Enterobacter kobei	quorum sensing response regulator transcription factor QseB	4057213..4057872	species representative; ortholog by 93.2% identity to the panel allele; modal in 3/3 screened Enterobacter kobei genomes	660	219	True
enterobacter	qseB	qseB|WP_218400303.1|NZ_CP055276.1|HUI94_RS15915	ncbi_refseq_auto	GCF_019203945.1	NZ_CP055276.1	WP_218400303.1	HUI94_RS15915	Enterobacter mori	quorum sensing response regulator transcription factor QseB	complement(3363578..3364237)	species representative; ortholog by 95.4% identity to the panel allele; modal in 2/5 screened Enterobacter mori genomes	660	219	True
enterobacter	qseB	qseB|WP_023326078.1|NZ_CP017184.1|BFV67_RS18595	ncbi_refseq_auto	GCF_001729805.1	NZ_CP017184.1	WP_023326078.1	BFV67_RS18595	Enterobacter roggenkampii	quorum sensing response regulator transcription factor QseB	3989681..3990340	species representative; ortholog by 92.7% identity to the panel allele; modal in 3/4 screened Enterobacter roggenkampii genomes	660	219	True
enterobacter	qseC	qseC|WP_006811971.1|NZ_CP077308.1|I6L63_RS02325	ncbi_refseq_auto	GCF_019048245.1	NZ_CP077308.1	WP_006811971.1	I6L63_RS02325	Enterobacter hormaechei	quorum sensing histidine kinase QseC	complement(470068..471405)	refseq_gene_name	1338	445	True
enterobacter	qseC	qseC|WP_059347658.1|NZ_CP011863.1|ACJ69_RS20570	ncbi_refseq_auto	GCF_001521715.1	NZ_CP011863.1	WP_059347658.1	ACJ69_RS20570	Enterobacter asburiae	quorum sensing histidine kinase QseC	complement(4235722..4237071)	species representative; ortholog by 89.9% identity to the panel allele; modal in 2/3 screened Enterobacter asburiae genomes	1350	449	True
enterobacter	qseC	qseC|WP_032642054.1|NZ_CP043318.1|FY206_RS20905	ncbi_refseq_auto	GCF_001984825.2	NZ_CP043318.1	WP_032642054.1	FY206_RS20905	Enterobacter chengduensis	quorum sensing histidine kinase QseC	4323415..4324752	species representative; ortholog by 87.9% identity to the panel allele; modal in 1/2 screened Enterobacter chengduensis genomes	1338	445	True
enterobacter	qseC	qseC|WP_013098726.1|NC_014121.1|ECL_RS21660	ncbi_refseq_auto	GCF_000025565.1	NC_014121.1	WP_013098726.1	ECL_RS21660	Enterobacter cloacae	quorum sensing histidine kinase QseC	4456855..4458192	species representative; ortholog by 87.6% identity to the panel allele; modal in 4/4 screened Enterobacter cloacae genomes	1338	445	True
enterobacter	qseC	qseC|WP_045281440.1|NZ_CP083828.1|LCD42_RS18500	ncbi_refseq_auto	GCF_023023125.1	NZ_CP083828.1	WP_045281440.1	LCD42_RS18500	Enterobacter kobei	quorum sensing histidine kinase QseC	3916801..3918138	species representative; ortholog by 88.3% identity to the panel allele; modal in 1/3 screened Enterobacter kobei genomes	1338	445	True
enterobacter	qseC	qseC|WP_218400302.1|NZ_CP055276.1|HUI94_RS15910	ncbi_refseq_auto	GCF_019203945.1	NZ_CP055276.1	WP_218400302.1	HUI94_RS15910	Enterobacter mori	quorum sensing histidine kinase QseC	complement(3362244..3363581)	species representative; ortholog by 89.9% identity to the panel allele; modal in 2/5 screened Enterobacter mori genomes	1338	445	True
enterobacter	qseC	qseC|WP_069598782.1|NZ_CP017184.1|BFV67_RS18600	ncbi_refseq_auto	GCF_001729805.1	NZ_CP017184.1	WP_069598782.1	BFV67_RS18600	Enterobacter roggenkampii	quorum sensing histidine kinase QseC	3990337..3991686	species representative; ortholog by 88.3% identity to the panel allele; modal in 2/4 screened Enterobacter roggenkampii genomes	1350	449	True
enterobacter	ramA	ramA|WP_032673604.1|NZ_CP077308.1|I6L63_RS15270	ncbi_refseq_auto	GCF_019048245.1	NZ_CP077308.1	WP_032673604.1	I6L63_RS15270	Enterobacter hormaechei	RamA family antibiotic efflux transcriptional regulator	complement(3162177..3162518)	refseq_product=RamA family antibiotic efflux transcriptional regulator	342	113	True
enterobacter	soxR	soxR|WP_003860275.1|NZ_CP077308.1|I6L63_RS19695	ncbi_refseq_auto	GCF_019048245.1	NZ_CP077308.1	WP_003860275.1	I6L63_RS19695	Enterobacter hormaechei	redox-sensitive transcriptional activator SoxR	complement(4064764..4065222)	refseq_gene_name	459	152	True
enterobacter	soxR	soxR|WP_023310057.1|NZ_CP011863.1|ACJ69_RS15460	ncbi_refseq_auto	GCF_001521715.1	NZ_CP011863.1	WP_023310057.1	ACJ69_RS15460	Enterobacter asburiae	redox-sensitive transcriptional activator SoxR	complement(3196604..3197062)	species representative; ortholog by 96.1% identity to the panel allele; modal in 3/3 screened Enterobacter asburiae genomes	459	152	True
enterobacter	soxR	soxR|WP_023331806.1|NZ_CP043318.1|FY206_RS01660	ncbi_refseq_auto	GCF_001984825.2	NZ_CP043318.1	WP_023331806.1	FY206_RS01660	Enterobacter chengduensis	redox-sensitive transcriptional activator SoxR	350657..351115	species representative; ortholog by 96.7% identity to the panel allele; modal in 1/2 screened Enterobacter chengduensis genomes	459	152	True
enterobacter	soxR	soxR|WP_013095072.1|NC_014121.1|ECL_RS01565	ncbi_refseq_auto	GCF_000025565.1	NC_014121.1	WP_013095072.1	ECL_RS01565	Enterobacter cloacae	redox-sensitive transcriptional activator SoxR	331108..331566	species representative; ortholog by 96.7% identity to the panel allele; modal in 4/4 screened Enterobacter cloacae genomes	459	152	True
enterobacter	soxR	soxR|WP_089598624.1|NZ_CP055276.1|HUI94_RS10675	ncbi_refseq_auto	GCF_019203945.1	NZ_CP055276.1	WP_089598624.1	HUI94_RS10675	Enterobacter mori	redox-sensitive transcriptional activator SoxR	complement(2267518..2267976)	species representative; ortholog by 97.4% identity to the panel allele; modal in 5/5 screened Enterobacter mori genomes	459	152	True
enterobacter	soxR	soxR|WP_008503388.1|NZ_CP017184.1|BFV67_RS01565	ncbi_refseq_auto	GCF_001729805.1	NZ_CP017184.1	WP_008503388.1	BFV67_RS01565	Enterobacter roggenkampii	redox-sensitive transcriptional activator SoxR	341679..342137	species representative; ortholog by 96.1% identity to the panel allele; modal in 4/4 screened Enterobacter roggenkampii genomes	459	152	True
enterobacter	soxS	soxS|WP_003860277.1|NZ_CP077308.1|I6L63_RS19700	ncbi_refseq_auto	GCF_019048245.1	NZ_CP077308.1	WP_003860277.1	I6L63_RS19700	Enterobacter hormaechei	superoxide response transcriptional regulator SoxS	4065321..4065647	refseq_gene_name	327	108	True
enterobacter	soxS	soxS|WP_013095071.1|NZ_CP011863.1|ACJ69_RS15465	ncbi_refseq_auto	GCF_001521715.1	NZ_CP011863.1	WP_013095071.1	ACJ69_RS15465	Enterobacter asburiae	superoxide response transcriptional regulator SoxS	3197161..3197487	species representative; ortholog by 99.1% identity to the panel allele; modal in 2/3 screened Enterobacter asburiae genomes	327	108	True
enterobacter	soxS	soxS|WP_008503387.1|NZ_CP043318.1|FY206_RS01655	ncbi_refseq_auto	GCF_001984825.2	NZ_CP043318.1	WP_008503387.1	FY206_RS01655	Enterobacter chengduensis	superoxide response transcriptional regulator SoxS	complement(350232..350558)	species representative; ortholog by 98.1% identity to the panel allele; modal in 1/2 screened Enterobacter chengduensis genomes	327	108	True
enterobacter	soxS	soxS|WP_176261098.1|NZ_CP083828.1|LCD42_RS01480	ncbi_refseq_auto	GCF_023023125.1	NZ_CP083828.1	WP_176261098.1	LCD42_RS01480	Enterobacter kobei	superoxide response transcriptional regulator SoxS	complement(314579..314905)	species representative; ortholog by 97.2% identity to the panel allele; modal in 1/2 screened Enterobacter kobei genomes	327	108	True
enterobacter	tolC	tolC|WP_032674054.1|NZ_CP077308.1|I6L63_RS02260	ncbi_refseq_auto	GCF_019048245.1	NZ_CP077308.1	WP_032674054.1	I6L63_RS02260	Enterobacter hormaechei	outer membrane channel protein TolC	complement(456939..458417)	refseq_gene_name	1479	492	True
enterobacter	tolC	tolC|WP_029740696.1|NZ_CP011863.1|ACJ69_RS20495	ncbi_refseq_auto	GCF_001521715.1	NZ_CP011863.1	WP_029740696.1	ACJ69_RS20495	Enterobacter asburiae	outer membrane channel protein TolC	complement(4220770..4222248)	species representative; ortholog by 95.3% identity to the panel allele; modal in 2/3 screened Enterobacter asburiae genomes	1479	492	True
enterobacter	tolC	tolC|WP_032642076.1|NZ_CP043318.1|FY206_RS20975	ncbi_refseq_auto	GCF_001984825.2	NZ_CP043318.1	WP_032642076.1	FY206_RS20975	Enterobacter chengduensis	outer membrane channel protein TolC	4337800..4339278	species representative; ortholog by 95.5% identity to the panel allele; modal in 1/2 screened Enterobacter chengduensis genomes	1479	492	True
enterobacter	tolC	tolC|WP_013098744.1|NC_014121.1|ECL_RS21755	ncbi_refseq_auto	GCF_000025565.1	NC_014121.1	WP_013098744.1	ECL_RS21755	Enterobacter cloacae	outer membrane channel protein TolC	4476985..4478451	species representative; ortholog by 94.7% identity to the panel allele; modal in 4/4 screened Enterobacter cloacae genomes	1467	488	True
enterobacter	tolC	tolC|WP_176260267.1|NZ_CP083828.1|LCD42_RS18575	ncbi_refseq_auto	GCF_023023125.1	NZ_CP083828.1	WP_176260267.1	LCD42_RS18575	Enterobacter kobei	outer membrane channel protein TolC	3931672..3933156	species representative; ortholog by 95.7% identity to the panel allele; modal in 1/3 screened Enterobacter kobei genomes	1485	494	True
enterobacter	tolC	tolC|WP_192872891.1|NZ_CP055276.1|HUI94_RS15815	ncbi_refseq_auto	GCF_019203945.1	NZ_CP055276.1	WP_192872891.1	HUI94_RS15815	Enterobacter mori	outer membrane channel protein TolC	complement(3341842..3343308)	species representative; ortholog by 94.9% identity to the panel allele; modal in 2/5 screened Enterobacter mori genomes	1467	488	True
enterobacter	tolC	tolC|WP_032675510.1|NZ_CP017184.1|BFV67_RS18670	ncbi_refseq_auto	GCF_001729805.1	NZ_CP017184.1	WP_032675510.1	BFV67_RS18670	Enterobacter roggenkampii	outer membrane channel protein TolC	4004713..4006191	species representative; ortholog by 94.7% identity to the panel allele; modal in 2/4 screened Enterobacter roggenkampii genomes	1479	492	True
enterobacter	tonB	tonB|WP_032673866.1|NZ_CP077308.1|I6L63_RS08560	ncbi_refseq_auto	GCF_019048245.1	NZ_CP077308.1	WP_032673866.1	I6L63_RS08560	Enterobacter hormaechei	TonB system transport protein TonB	1783307..1784035	refseq_gene_name	729	242	True
enterobacter	tonB	tonB|WP_054829749.1|NZ_CP011863.1|ACJ69_RS08215	ncbi_refseq_auto	GCF_001521715.1	NZ_CP011863.1	WP_054829749.1	ACJ69_RS08215	Enterobacter asburiae	TonB system transport protein TonB	complement(1666722..1667444)	species representative; ortholog by 94.2% identity to the panel allele; modal in 2/3 screened Enterobacter asburiae genomes	723	240	True
enterobacter	tonB	tonB|WP_032641008.1|NZ_CP043318.1|FY206_RS13845	ncbi_refseq_auto	GCF_001984825.2	NZ_CP043318.1	WP_032641008.1	FY206_RS13845	Enterobacter chengduensis	TonB system transport protein TonB	complement(2842813..2843535)	species representative; ortholog by 96.2% identity to the panel allele; modal in 1/2 screened Enterobacter chengduensis genomes	723	240	True
enterobacter	tonB	tonB|WP_013096280.1|NC_014121.1|ECL_RS08095	ncbi_refseq_auto	GCF_000025565.1	NC_014121.1	WP_013096280.1	ECL_RS08095	Enterobacter cloacae	TonB system transport protein TonB	1674323..1675048	species representative; ortholog by 94.5% identity to the panel allele; modal in 4/4 screened Enterobacter cloacae genomes	726	241	True
enterobacter	tonB	tonB|WP_014884119.1|NZ_CP083828.1|LCD42_RS12320	ncbi_refseq_auto	GCF_023023125.1	NZ_CP083828.1	WP_014884119.1	LCD42_RS12320	Enterobacter kobei	TonB system transport protein TonB	complement(2592701..2593429)	species representative; ortholog by 93.8% identity to the panel allele; modal in 1/3 screened Enterobacter kobei genomes	729	242	True
enterobacter	tonB	tonB|WP_245004333.1|NZ_CP055276.1|HUI94_RS22355	ncbi_refseq_auto	GCF_019203945.1	NZ_CP055276.1	WP_245004333.1	HUI94_RS22355	Enterobacter mori	TonB system transport protein TonB	4741744..4742481	species representative; ortholog by 93.3% identity to the panel allele; modal in 2/5 screened Enterobacter mori genomes	738	245	True
enterobacter	tonB	tonB|WP_023617069.1|NZ_CP017184.1|BFV67_RS12280	ncbi_refseq_auto	GCF_001729805.1	NZ_CP017184.1	WP_023617069.1	BFV67_RS12280	Enterobacter roggenkampii	TonB system transport protein TonB	complement(2612391..2613113)	species representative; ortholog by 96.2% identity to the panel allele; modal in 2/4 screened Enterobacter roggenkampii genomes	723	240	True
enterobacter	ugd	ugd|WP_032673946.1|NZ_CP077308.1|I6L63_RS06565	ncbi_refseq_auto	GCF_019048245.1	NZ_CP077308.1	WP_032673946.1	I6L63_RS06565	Enterobacter hormaechei	UDP-glucose 6-dehydrogenase	1385019..1386185	refseq_gene_name	1167	388	True
enterobacter	ugd	ugd|WP_059347010.1|NZ_CP011863.1|ACJ69_RS10490	ncbi_refseq_auto	GCF_001521715.1	NZ_CP011863.1	WP_059347010.1	ACJ69_RS10490	Enterobacter asburiae	UDP-glucose 6-dehydrogenase	complement(2128292..2129458)	species representative; ortholog by 94.6% identity to the panel allele; modal in 3/3 screened Enterobacter asburiae genomes	1167	388	True
enterobacter	ugd	ugd|WP_032641594.1|NZ_CP043318.1|FY206_RS16135	ncbi_refseq_auto	GCF_001984825.2	NZ_CP043318.1	WP_032641594.1	FY206_RS16135	Enterobacter chengduensis	UDP-glucose 6-dehydrogenase	complement(3312854..3314020)	species representative; ortholog by 94.3% identity to the panel allele; modal in 1/2 screened Enterobacter chengduensis genomes	1167	388	True
enterobacter	ugd	ugd|WP_013097850.1|NC_014121.1|ECL_RS16565	ncbi_refseq_auto	GCF_000025565.1	NC_014121.1	WP_013097850.1	ECL_RS16565	Enterobacter cloacae	UDP-glucose 6-dehydrogenase	complement(3405711..3406877)	species representative; ortholog by 96.4% identity to the panel allele; modal in 4/4 screened Enterobacter cloacae genomes	1167	388	True
enterobacter	ugd	ugd|WP_014884475.1|NZ_CP083828.1|LCD42_RS14335	ncbi_refseq_auto	GCF_023023125.1	NZ_CP083828.1	WP_014884475.1	LCD42_RS14335	Enterobacter kobei	UDP-glucose 6-dehydrogenase	complement(3003373..3004539)	species representative; ortholog by 97.2% identity to the panel allele; modal in 1/3 screened Enterobacter kobei genomes	1167	388	True
enterobacter	ugd	ugd|WP_218400821.1|NZ_CP055276.1|HUI94_RS20510	ncbi_refseq_auto	GCF_019203945.1	NZ_CP055276.1	WP_218400821.1	HUI94_RS20510	Enterobacter mori	UDP-glucose 6-dehydrogenase	4354676..4355842	species representative; ortholog by 97.4% identity to the panel allele; modal in 2/5 screened Enterobacter mori genomes	1167	388	True
enterobacter	ugd	ugd|WP_021241437.1|NZ_CP017184.1|BFV67_RS14110	ncbi_refseq_auto	GCF_001729805.1	NZ_CP017184.1	WP_021241437.1	BFV67_RS14110	Enterobacter roggenkampii	UDP-glucose 6-dehydrogenase	complement(2991699..2992865)	species representative; ortholog by 92.8% identity to the panel allele; modal in 3/4 screened Enterobacter roggenkampii genomes	1167	388	True
k_aerogenes	acrA	acrA|WP_020079451.1|NZ_CP077293.1|I6L72_RS05145	ncbi_refseq_auto	GCF_019048125.1	NZ_CP077293.1	WP_020079451.1	I6L72_RS05145	Klebsiella aerogenes	multidrug efflux RND transporter periplasmic adaptor subunit AcrA	complement(1117901..1119100)	refseq_gene_name	1200	399	True
k_aerogenes	acrB	acrB|WP_015704610.1|NZ_CP077293.1|I6L72_RS05140	ncbi_refseq_auto	GCF_019048125.1	NZ_CP077293.1	WP_015704610.1	I6L72_RS05140	Klebsiella aerogenes	multidrug efflux RND transporter permease subunit AcrB	complement(1114732..1117878)	refseq_gene_name	3147	1048	True
k_aerogenes	acrD	acrD|WP_015703144.1|NZ_CP077293.1|I6L72_RS17515	ncbi_refseq_auto	GCF_019048125.1	NZ_CP077293.1	WP_015703144.1	I6L72_RS17515	Klebsiella aerogenes	multidrug efflux RND transporter permease AcrD	3729195..3732308	refseq_gene_name	3114	1037	True
k_aerogenes	acrR	acrR|WP_015704611.1|NZ_CP077293.1|I6L72_RS05150	ncbi_refseq_auto	GCF_019048125.1	NZ_CP077293.1	WP_015704611.1	I6L72_RS05150	Klebsiella aerogenes	multidrug efflux transporter transcriptional repressor AcrR	1119243..1119893	refseq_gene_name	651	216	True
k_aerogenes	ampC	ampC|WP_015704504.1|NZ_CP077293.1|I6L72_RS04320	ncbi_refseq_auto	GCF_019048125.1	NZ_CP077293.1	WP_015704504.1	I6L72_RS04320	Klebsiella aerogenes	AmpC-Kaer family extended-spectrum class C beta-lactamase	951245..952390	refseq_gene_name	1146	381	True
k_aerogenes	ampD	ampD|WP_015704411.1|NZ_CP077293.1|I6L72_RS03530	ncbi_refseq_auto	GCF_019048125.1	NZ_CP077293.1	WP_015704411.1	I6L72_RS03530	Klebsiella aerogenes	1,6-anhydro-N-acetylmuramyl-L-alanine amidase AmpD	776793..777356	refseq_gene_name	564	187	True
k_aerogenes	ampG	ampG|WP_015367956.1|NZ_CP077293.1|I6L72_RS04935	ncbi_refseq_auto	GCF_019048125.1	NZ_CP077293.1	WP_015367956.1	I6L72_RS04935	Klebsiella aerogenes	muropeptide MFS transporter AmpG	complement(1075144..1076619)	refseq_gene_name	1476	491	True
k_aerogenes	ampR	ampR|WP_015704503.1|NZ_CP077293.1|I6L72_RS04315	ncbi_refseq_auto	GCF_019048125.1	NZ_CP077293.1	WP_015704503.1	I6L72_RS04315	Klebsiella aerogenes	LysR family transcriptional regulator AmpR	complement(950224..951102)	refseq_gene_name	879	292	True
k_aerogenes	arnA	arnA|WP_015703731.1|NZ_CP077293.1|I6L72_RS22770	ncbi_refseq_auto	GCF_019048125.1	NZ_CP077293.1	WP_015703731.1	I6L72_RS22770	Klebsiella aerogenes	bifunctional UDP-4-amino-4-deoxy-L-arabinose formyltransferase/UDP-glucuronic acid oxidase ArnA	complement(4801390..4803375)	refseq_gene_name	1986	661	True
k_aerogenes	arnB	arnB|WP_015703732.1|NZ_CP077293.1|I6L72_RS22780	ncbi_refseq_auto	GCF_019048125.1	NZ_CP077293.1	WP_015703732.1	I6L72_RS22780	Klebsiella aerogenes	UDP-4-amino-4-deoxy-L-arabinose aminotransferase	complement(4804357..4805496)	refseq_gene_name	1140	379	True
k_aerogenes	arnC	arnC|WP_015369284.1|NZ_CP077293.1|I6L72_RS22775	ncbi_refseq_auto	GCF_019048125.1	NZ_CP077293.1	WP_015369284.1	I6L72_RS22775	Klebsiella aerogenes	undecaprenyl-phosphate 4-deoxy-4-formamido-L-arabinose transferase	complement(4803372..4804355)	refseq_gene_name	984	327	True
k_aerogenes	arnD	arnD|WP_015703730.1|NZ_CP077293.1|I6L72_RS22765	ncbi_refseq_auto	GCF_019048125.1	NZ_CP077293.1	WP_015703730.1	I6L72_RS22765	Klebsiella aerogenes	4-deoxy-4-formamido-L-arabinose-phosphoundecaprenol deformylase	complement(4800491..4801393)	refseq_gene_name	903	300	True
k_aerogenes	arnE	arnE|WP_015703728.1|NZ_CP077293.1|I6L72_RS22755	ncbi_refseq_auto	GCF_019048125.1	NZ_CP077293.1	WP_015703728.1	I6L72_RS22755	Klebsiella aerogenes	4-amino-4-deoxy-L-arabinose-phosphoundecaprenol flippase subunit ArnE	complement(4798504..4798842)	refseq_gene_name	339	112	True
k_aerogenes	arnF	arnF|WP_015703727.1|NZ_CP077293.1|I6L72_RS22750	ncbi_refseq_auto	GCF_019048125.1	NZ_CP077293.1	WP_015703727.1	I6L72_RS22750	Klebsiella aerogenes	4-amino-4-deoxy-L-arabinose-phosphoundecaprenol flippase subunit ArnF	complement(4798121..4798504)	refseq_gene_name	384	127	True
k_aerogenes	arnT	arnT|WP_015703729.1|NZ_CP077293.1|I6L72_RS22760	ncbi_refseq_auto	GCF_019048125.1	NZ_CP077293.1	WP_015703729.1	I6L72_RS22760	Klebsiella aerogenes	lipid IV(A) 4-amino-4-deoxy-L-arabinosyltransferase	complement(4798839..4800494)	refseq_gene_name	1656	551	True
k_aerogenes	cirA	cirA|WP_015706114.1|NZ_CP077293.1|I6L72_RS16215	ncbi_refseq_auto	GCF_019048125.1	NZ_CP077293.1	WP_015706114.1	I6L72_RS16215	Klebsiella aerogenes	catecholate siderophore receptor CirA	complement(3450204..3452177)	refseq_gene_name	1974	657	True
k_aerogenes	dacB	dacB|WP_015369511.1|NZ_CP077293.1|I6L72_RS21420	ncbi_refseq_auto	GCF_019048125.1	NZ_CP077293.1	WP_015369511.1	I6L72_RS21420	Klebsiella aerogenes	serine-type D-Ala-D-Ala carboxypeptidase	4541150..4542583	refseq_gene_name	1434	477	True
k_aerogenes	emrA	emrA|WP_015370068.1|NZ_CP077293.1|I6L72_RS18505	ncbi_refseq_auto	GCF_019048125.1	NZ_CP077293.1	WP_015370068.1	I6L72_RS18505	Klebsiella aerogenes	multidrug efflux MFS transporter periplasmic adaptor subunit EmrA	3932802..3933974	refseq_gene_name	1173	390	True
k_aerogenes	emrB	emrB|WP_015703236.1|NZ_CP077293.1|I6L72_RS18510	ncbi_refseq_auto	GCF_019048125.1	NZ_CP077293.1	WP_015703236.1	I6L72_RS18510	Klebsiella aerogenes	multidrug efflux MFS transporter permease subunit EmrB	3933990..3935528	refseq_gene_name	1539	512	True
k_aerogenes	emrR	emrR|WP_015370069.1|NZ_CP077293.1|I6L72_RS18500	ncbi_refseq_auto	GCF_019048125.1	NZ_CP077293.1	WP_015370069.1	I6L72_RS18500	Klebsiella aerogenes	transcriptional repressor MprA	3932140..3932670	refseq_gene_name	531	176	True
k_aerogenes	envZ	envZ|WP_015369373.1|NZ_CP077293.1|I6L72_RS22330	ncbi_refseq_auto	GCF_019048125.1	NZ_CP077293.1	WP_015369373.1	I6L72_RS22330	Klebsiella aerogenes	two-component system sensor histidine kinase EnvZ	complement(4706717..4708078)	refseq_gene_name	1362	453	True
k_aerogenes	eptA	eptA|WP_015704802.1|NZ_CP077293.1|I6L72_RS06750	ncbi_refseq_auto	GCF_019048125.1	NZ_CP077293.1	WP_015704802.1	I6L72_RS06750	Klebsiella aerogenes	phosphoethanolamine transferase EptA	complement(1456207..1457850)	refseq_gene_name	1644	547	True
k_aerogenes	exbB	exbB|WP_015369670.1|NZ_CP077293.1|I6L72_RS20550	ncbi_refseq_auto	GCF_019048125.1	NZ_CP077293.1	WP_015369670.1	I6L72_RS20550	Klebsiella aerogenes	tol-pal system-associated acyl-CoA thioesterase	complement(4358932..4359663)	refseq_gene_name	732	243	True
k_aerogenes	exbD	exbD|WP_015369671.1|NZ_CP077293.1|I6L72_RS20545	ncbi_refseq_auto	GCF_019048125.1	NZ_CP077293.1	WP_015369671.1	I6L72_RS20545	Klebsiella aerogenes	TonB system transport protein ExbD	complement(4358500..4358925)	refseq_gene_name	426	141	True
k_aerogenes	fepA	fepA|WP_015704704.1|NZ_CP077293.1|I6L72_RS05800	ncbi_refseq_auto	GCF_019048125.1	NZ_CP077293.1	WP_015704704.1	I6L72_RS05800	Klebsiella aerogenes	siderophore enterobactin receptor FepA	complement(1269048..1271276)	refseq_gene_name	2229	742	True
k_aerogenes	fhuA	fhuA|WP_015704432.1|NZ_CP077293.1|I6L72_RS03720	ncbi_refseq_auto	GCF_019048125.1	NZ_CP077293.1	WP_015704432.1	I6L72_RS03720	Klebsiella aerogenes	ferrichrome porin FhuA	822920..825124	refseq_gene_name	2205	734	True
k_aerogenes	ftsH	ftsH|WP_015369514.1|NZ_CP077293.1|I6L72_RS21400	ncbi_refseq_auto	GCF_019048125.1	NZ_CP077293.1	WP_015369514.1	I6L72_RS21400	Klebsiella aerogenes	ATP-dependent zinc metalloprotease FtsH	complement(4537205..4539139)	refseq_gene_name	1935	644	True
k_aerogenes	ftsI	ftsI|WP_015705932.1|NZ_CP077293.1|I6L72_RS14845	ncbi_refseq_auto	GCF_019048125.1	NZ_CP077293.1	WP_015705932.1	I6L72_RS14845	Klebsiella aerogenes	peptidoglycan glycosyltransferase FtsI	complement(3163678..3165423)	refseq_gene_name	1746	581	True
k_aerogenes	lapB	lapB|WP_015366230.1|NZ_CP077293.1|I6L72_RS13570	ncbi_refseq_auto	GCF_019048125.1	NZ_CP077293.1	WP_015366230.1	I6L72_RS13570	Klebsiella aerogenes	lipopolysaccharide assembly protein LapB	complement(2907017..2908186)	refseq_gene_name	1170	389	True
k_aerogenes	lapC	lapC|WP_015706133.1|NZ_CP077293.1|I6L72_RS16385	ncbi_refseq_auto	GCF_019048125.1	NZ_CP077293.1	WP_015706133.1	I6L72_RS16385	Klebsiella aerogenes	LPS biosynthesis-modulating metalloenzyme YejM	3488145..3489905	refseq_gene_name	1761	586	True
k_aerogenes	lpxC	lpxC|WP_015368241.1|NZ_CP077293.1|I6L72_RS03470	ncbi_refseq_auto	GCF_019048125.1	NZ_CP077293.1	WP_015368241.1	I6L72_RS03470	Klebsiella aerogenes	UDP-3-O-acyl-N-acetylglucosamine deacetylase	764555..765472	refseq_gene_name	918	305	True
k_aerogenes	marA	marA|WP_015366733.1|NZ_CP077293.1|I6L72_RS10820	ncbi_refseq_auto	GCF_019048125.1	NZ_CP077293.1	WP_015366733.1	I6L72_RS10820	Klebsiella aerogenes	MDR efflux pump AcrAB transcriptional activator MarA	complement(2341632..2342015)	refseq_gene_name	384	127	True
k_aerogenes	marR	marR|WP_015366732.1|NZ_CP077293.1|I6L72_RS10825	ncbi_refseq_auto	GCF_019048125.1	NZ_CP077293.1	WP_015366732.1	I6L72_RS10825	Klebsiella aerogenes	multiple antibiotic resistance transcriptional regulator MarR	complement(2342033..2342467)	refseq_gene_name	435	144	True
k_aerogenes	mdtK	mdtK|WP_015366890.1|NZ_CP077293.1|I6L72_RS10060	ncbi_refseq_auto	GCF_019048125.1	NZ_CP077293.1	WP_015366890.1	I6L72_RS10060	Klebsiella aerogenes	MdtK family multidrug efflux MATE transporter	complement(2183927..2185300)	refseq_gene_name	1374	457	True
k_aerogenes	mrcA	mrcA|WP_015703659.1|NZ_CP077293.1|I6L72_RS22290	ncbi_refseq_auto	GCF_019048125.1	NZ_CP077293.1	WP_015703659.1	I6L72_RS22290	Klebsiella aerogenes	peptidoglycan glycosyltransferase/peptidoglycan DD-transpeptidase MrcA	4695342..4697900	refseq_gene_name	2559	852	True
k_aerogenes	mrcB	mrcB|WP_047079357.1|NZ_CP077293.1|I6L72_RS03715	ncbi_refseq_auto	GCF_019048125.1	NZ_CP077293.1	WP_047079357.1	I6L72_RS03715	Klebsiella aerogenes	bifunctional glycosyl transferase/transpeptidase	820125..822677	refseq_gene_name	2553	850	True
k_aerogenes	mrdA	mrdA|WP_015704734.1|NZ_CP077293.1|I6L72_RS06055	ncbi_refseq_auto	GCF_019048125.1	NZ_CP077293.1	WP_015704734.1	I6L72_RS06055	Klebsiella aerogenes	peptidoglycan DD-transpeptidase MrdA	complement(1323300..1325201)	refseq_gene_name	1902	633	True
k_aerogenes	ompA	ompA|WP_015704908.1|NZ_CP077293.1|I6L72_RS07610	ncbi_refseq_auto	GCF_019048125.1	NZ_CP077293.1	WP_015704908.1	I6L72_RS07610	Klebsiella aerogenes	porin OmpA	complement(1654887..1655939)	refseq_gene_name	1053	350	True
k_aerogenes	ompC	ompC|WP_015705989.1|NZ_CP077293.1|I6L72_RS15350	ncbi_refseq_auto	GCF_019048125.1	NZ_CP077293.1	WP_015705989.1	I6L72_RS15350	Klebsiella aerogenes	porin OmpC	3259687..3260829	best match to the K. pneumoniae porin set; 89.0% to Kp OmpC (+5.8 over next)	1143	380	True
k_aerogenes	ompK35	ompK35|WP_015367453.1|NZ_CP077293.1|I6L72_RS07505	ncbi_refseq_auto	GCF_019048125.1	NZ_CP077293.1	WP_015367453.1	I6L72_RS07505	Klebsiella aerogenes	porin OmpK35	complement(1628896..1629975)	refseq_gene_name	1080	359	True
k_aerogenes	ompK36	ompK36|WP_015706141.1|NZ_CP077293.1|I6L72_RS16440	ncbi_refseq_auto	GCF_019048125.1	NZ_CP077293.1	WP_015706141.1	I6L72_RS16440	Klebsiella aerogenes	porin OmpC	complement(3501372..3502499)	best match to the K. pneumoniae porin set; 91.5% to Kp OmpK36 (+11.5 over next); identical protein to the curated ompK36_Kaerogenes_QXB08681.1 it replaces	1128	375	True
k_aerogenes	ompK37	ompK37|WP_015705623.1|NZ_CP077293.1|I6L72_RS12855	ncbi_refseq_auto	GCF_019048125.1	NZ_CP077293.1	WP_015705623.1	I6L72_RS12855	Klebsiella aerogenes	porin OmpC	2761124..2762266	nifJ-region synteny as in K. pneumoniae ompK37; 88.3% to Kp OmpK37; nifJ-adjacent as in K. pneumoniae	1143	380	True
k_aerogenes	ompR	ompR|WP_001157751.1|NZ_CP077293.1|I6L72_RS22335	ncbi_refseq_auto	GCF_019048125.1	NZ_CP077293.1	WP_001157751.1	I6L72_RS22335	Klebsiella aerogenes	osmolarity response regulator transcription factor OmpR	complement(4708075..4708794)	refseq_gene_name	720	239	True
k_aerogenes	phoE	phoE|WP_015368078.1|NZ_CP077293.1|I6L72_RS04365	ncbi_refseq_auto	GCF_019048125.1	NZ_CP077293.1	WP_015368078.1	I6L72_RS04365	Klebsiella aerogenes	phosphoporin PhoE	958580..959632	refseq_gene_name	1053	350	True
k_aerogenes	pmrA	pmrA|WP_015704801.1|NZ_CP077293.1|I6L72_RS06745	ncbi_refseq_auto	GCF_019048125.1	NZ_CP077293.1	WP_015704801.1	I6L72_RS06745	Klebsiella aerogenes	two-component system response regulator PmrA	complement(1455539..1456210)	refseq_gene_name	672	223	True
k_aerogenes	pmrB	pmrB|WP_015704800.1|NZ_CP077293.1|I6L72_RS06740	ncbi_refseq_auto	GCF_019048125.1	NZ_CP077293.1	WP_015704800.1	I6L72_RS06740	Klebsiella aerogenes	two-component system sensor histidine kinase PmrB	complement(1454437..1455534)	refseq_gene_name	1098	365	True
k_aerogenes	qseB	qseB|WP_015369657.1|NZ_CP077293.1|I6L72_RS20615	ncbi_refseq_auto	GCF_019048125.1	NZ_CP077293.1	WP_015369657.1	I6L72_RS20615	Klebsiella aerogenes	quorum sensing response regulator transcription factor QseB	4374408..4375067	refseq_gene_name	660	219	True
k_aerogenes	qseC	qseC|WP_015369656.1|NZ_CP077293.1|I6L72_RS20620	ncbi_refseq_auto	GCF_019048125.1	NZ_CP077293.1	WP_015369656.1	I6L72_RS20620	Klebsiella aerogenes	quorum sensing histidine kinase QseC	4375064..4376413	refseq_gene_name	1350	449	True
k_aerogenes	ramA	ramA|WP_015367806.1|NZ_CP077293.1|I6L72_RS05685	ncbi_refseq_auto	GCF_019048125.1	NZ_CP077293.1	WP_015367806.1	I6L72_RS05685	Klebsiella aerogenes	RamA family antibiotic efflux transcriptional regulator	1242675..1243016	refseq_product=RamA family antibiotic efflux transcriptional regulator	342	113	True
k_aerogenes	soxR	soxR|WP_015368733.1|NZ_CP077293.1|I6L72_RS00750	ncbi_refseq_auto	GCF_019048125.1	NZ_CP077293.1	WP_015368733.1	I6L72_RS00750	Klebsiella aerogenes	redox-sensitive transcriptional activator SoxR	161219..161677	refseq_gene_name	459	152	True
k_aerogenes	soxS	soxS|WP_015368734.1|NZ_CP077293.1|I6L72_RS00745	ncbi_refseq_auto	GCF_019048125.1	NZ_CP077293.1	WP_015368734.1	I6L72_RS00745	Klebsiella aerogenes	superoxide response transcriptional regulator SoxS	complement(160804..161133)	refseq_gene_name	330	109	True
k_aerogenes	tolC	tolC|WP_015703513.1|NZ_CP077293.1|I6L72_RS20660	ncbi_refseq_auto	GCF_019048125.1	NZ_CP077293.1	WP_015703513.1	I6L72_RS20660	Klebsiella aerogenes	outer membrane channel protein TolC	4382124..4383578	refseq_gene_name	1455	484	True
k_aerogenes	tonB	tonB|WP_015705108.1|NZ_CP077293.1|I6L72_RS09245	ncbi_refseq_auto	GCF_019048125.1	NZ_CP077293.1	WP_015705108.1	I6L72_RS09245	Klebsiella aerogenes	TonB system transport protein TonB	2011698..2012438	refseq_gene_name	741	246	True
k_aerogenes	ugd	ugd|WP_015706040.1|NZ_CP077293.1|I6L72_RS15695	ncbi_refseq_auto	GCF_019048125.1	NZ_CP077293.1	WP_015706040.1	I6L72_RS15695	Klebsiella aerogenes	UDP-glucose 6-dehydrogenase	complement(3328781..3329947)	refseq_gene_name	1167	388	True
k_oxytoca	acrA	acrA|WP_004111040.1|NZ_LR134333.1|EL226_RS22235	ncbi_refseq_auto	GCF_900636985.1	NZ_LR134333.1	WP_004111040.1	EL226_RS22235	Klebsiella oxytoca NCTC 13727	multidrug efflux RND transporter periplasmic adaptor subunit AcrA	4667549..4668742	refseq_gene_name	1194	397	True
k_oxytoca	acrA	acrA|WP_004136054.1|NZ_CP100482.1|NLZ17_RS21875	ncbi_refseq_auto	GCF_024224355.1	NZ_CP100482.1	WP_004136054.1	NLZ17_RS21875	Klebsiella grimontii	multidrug efflux RND transporter periplasmic adaptor subunit AcrA	4527285..4528478	species representative; ortholog by 98.7% identity to the panel allele; modal in 2/3 screened Klebsiella grimontii genomes	1194	397	True
k_oxytoca	acrA	acrA|WP_182236817.1|NZ_CP119320.1|P0Y63_RS01305	ncbi_refseq_auto	GCF_029202365.1	NZ_CP119320.1	WP_182236817.1	P0Y63_RS01305	Klebsiella huaxiensis	multidrug efflux RND transporter periplasmic adaptor subunit AcrA	complement(268437..269630)	species representative; ortholog by 98.5% identity to the panel allele; modal in 1/1 screened Klebsiella huaxiensis genomes	1194	397	True
k_oxytoca	acrA	acrA|WP_004129915.1|NZ_CP073236.1|KCG39_RS25110	ncbi_refseq_auto	GCF_018139045.1	NZ_CP073236.1	WP_004129915.1	KCG39_RS25110	Klebsiella pasteurii	multidrug efflux RND transporter periplasmic adaptor subunit AcrA	complement(5367252..5368445)	species representative; ortholog by 99.0% identity to the panel allele; modal in 2/2 screened Klebsiella pasteurii genomes	1194	397	True
k_oxytoca	acrB	acrB|WP_004099650.1|NZ_LR134333.1|EL226_RS22240	ncbi_refseq_auto	GCF_900636985.1	NZ_LR134333.1	WP_004099650.1	EL226_RS22240	Klebsiella oxytoca NCTC 13727	multidrug efflux RND transporter permease subunit AcrB	4668765..4671911	refseq_gene_name	3147	1048	True
k_oxytoca	acrB	acrB|WP_004848339.1|NZ_CP055309.1|HV306_RS22715	ncbi_refseq_auto	GCF_013606065.1	NZ_CP055309.1	WP_004848339.1	HV306_RS22715	Klebsiella grimontii	multidrug efflux RND transporter permease subunit AcrB	4714756..4717902	species representative; ortholog by 99.5% identity to the panel allele; modal in 3/3 screened Klebsiella grimontii genomes	3147	1048	True
k_oxytoca	acrB	acrB|WP_182236815.1|NZ_CP119320.1|P0Y63_RS01300	ncbi_refseq_auto	GCF_029202365.1	NZ_CP119320.1	WP_182236815.1	P0Y63_RS01300	Klebsiella huaxiensis	multidrug efflux RND transporter permease subunit AcrB	complement(265268..268414)	species representative; ortholog by 98.2% identity to the panel allele; modal in 1/1 screened Klebsiella huaxiensis genomes	3147	1048	True
k_oxytoca	acrB	acrB|WP_004129913.1|NZ_CP073236.1|KCG39_RS25105	ncbi_refseq_auto	GCF_018139045.1	NZ_CP073236.1	WP_004129913.1	KCG39_RS25105	Klebsiella pasteurii	multidrug efflux RND transporter permease subunit AcrB	complement(5364083..5367229)	species representative; ortholog by 99.4% identity to the panel allele; modal in 2/2 screened Klebsiella pasteurii genomes	3147	1048	True
k_oxytoca	acrD	acrD|WP_004104401.1|NZ_LR134333.1|EL226_RS08890	ncbi_refseq_auto	GCF_900636985.1	NZ_LR134333.1	WP_004104401.1	EL226_RS08890	Klebsiella oxytoca NCTC 13727	multidrug efflux RND transporter permease AcrD	complement(1825465..1828578)	refseq_gene_name	3114	1037	True
k_oxytoca	acrD	acrD|WP_024359328.1|NZ_CP055309.1|HV306_RS07940	ncbi_refseq_auto	GCF_013606065.1	NZ_CP055309.1	WP_024359328.1	HV306_RS07940	Klebsiella grimontii	multidrug efflux RND transporter permease AcrD	complement(1636819..1639932)	species representative; ortholog by 99.4% identity to the panel allele; modal in 2/3 screened Klebsiella grimontii genomes	3114	1037	True
k_oxytoca	acrD	acrD|WP_304252617.1|NZ_CP119320.1|P0Y63_RS15905	ncbi_refseq_auto	GCF_029202365.1	NZ_CP119320.1	WP_304252617.1	P0Y63_RS15905	Klebsiella huaxiensis	multidrug efflux RND transporter permease AcrD	3332575..3335688	species representative; ortholog by 97.5% identity to the panel allele; modal in 1/1 screened Klebsiella huaxiensis genomes	3114	1037	True
k_oxytoca	acrD	acrD|WP_049115205.1|NZ_CP073236.1|KCG39_RS11305	ncbi_refseq_auto	GCF_018139045.1	NZ_CP073236.1	WP_049115205.1	KCG39_RS11305	Klebsiella pasteurii	multidrug efflux RND transporter permease AcrD	2421064..2424177	species representative; ortholog by 99.5% identity to the panel allele; modal in 1/2 screened Klebsiella pasteurii genomes	3114	1037	True
k_oxytoca	acrR	acrR|WP_064406851.1|NZ_LR134333.1|EL226_RS22230	ncbi_refseq_auto	GCF_900636985.1	NZ_LR134333.1	WP_064406851.1	EL226_RS22230	Klebsiella oxytoca NCTC 13727	multidrug efflux transporter transcriptional repressor AcrR	complement(4666756..4667406)	refseq_gene_name	651	216	True
k_oxytoca	acrR	acrR|WP_102649632.1|NZ_CP100482.1|NLZ17_RS21870	ncbi_refseq_auto	GCF_024224355.1	NZ_CP100482.1	WP_102649632.1	NLZ17_RS21870	Klebsiella grimontii	multidrug efflux transporter transcriptional repressor AcrR	complement(4526492..4527142)	species representative; ortholog by 93.1% identity to the panel allele; modal in 2/3 screened Klebsiella grimontii genomes	651	216	True
k_oxytoca	acrR	acrR|WP_181483280.1|NZ_CP119320.1|P0Y63_RS01310	ncbi_refseq_auto	GCF_029202365.1	NZ_CP119320.1	WP_181483280.1	P0Y63_RS01310	Klebsiella huaxiensis	multidrug efflux transporter transcriptional repressor AcrR	269773..270423	species representative; ortholog by 91.2% identity to the panel allele; modal in 1/1 screened Klebsiella huaxiensis genomes	651	216	True
k_oxytoca	acrR	acrR|WP_004129917.1|NZ_CP073236.1|KCG39_RS25115	ncbi_refseq_auto	GCF_018139045.1	NZ_CP073236.1	WP_004129917.1	KCG39_RS25115	Klebsiella pasteurii	multidrug efflux transporter transcriptional repressor AcrR	5368588..5369238	species representative; ortholog by 93.5% identity to the panel allele; modal in 2/2 screened Klebsiella pasteurii genomes	651	216	True
k_oxytoca	ampD	ampD|WP_004108091.1|NZ_LR134333.1|EL226_RS24315	ncbi_refseq_auto	GCF_900636985.1	NZ_LR134333.1	WP_004108091.1	EL226_RS24315	Klebsiella oxytoca NCTC 13727	1,6-anhydro-N-acetylmuramyl-L-alanine amidase AmpD	complement(5117682..5118233)	refseq_gene_name	552	183	True
k_oxytoca	ampD	ampD|WP_004872150.1|NZ_CP055309.1|HV306_RS24655	ncbi_refseq_auto	GCF_013606065.1	NZ_CP055309.1	WP_004872150.1	HV306_RS24655	Klebsiella grimontii	1,6-anhydro-N-acetylmuramyl-L-alanine amidase AmpD	complement(5138488..5139039)	species representative; ortholog by 94.5% identity to the panel allele; modal in 3/3 screened Klebsiella grimontii genomes	552	183	True
k_oxytoca	ampD	ampD|WP_304256163.1|NZ_CP119320.1|P0Y63_RS29755	ncbi_refseq_auto	GCF_029202365.1	NZ_CP119320.1	WP_304256163.1	P0Y63_RS29755	Klebsiella huaxiensis	1,6-anhydro-N-acetylmuramyl-L-alanine amidase AmpD	6235173..6235736	species representative; ortholog by 92.3% identity to the panel allele; modal in 1/1 screened Klebsiella huaxiensis genomes	564	187	True
k_oxytoca	ampD	ampD|WP_004128986.1|NZ_CP073236.1|KCG39_RS23110	ncbi_refseq_auto	GCF_018139045.1	NZ_CP073236.1	WP_004128986.1	KCG39_RS23110	Klebsiella pasteurii	1,6-anhydro-N-acetylmuramyl-L-alanine amidase AmpD	4928160..4928711	species representative; ortholog by 94.5% identity to the panel allele; modal in 2/2 screened Klebsiella pasteurii genomes	552	183	True
k_oxytoca	ampG	ampG|WP_004111020.1|NZ_LR134333.1|EL226_RS22520	ncbi_refseq_auto	GCF_900636985.1	NZ_LR134333.1	WP_004111020.1	EL226_RS22520	Klebsiella oxytoca NCTC 13727	muropeptide MFS transporter AmpG	4723921..4725396	refseq_gene_name	1476	491	True
k_oxytoca	ampG	ampG|WP_049088796.1|NZ_CP055309.1|HV306_RS22980	ncbi_refseq_auto	GCF_013606065.1	NZ_CP055309.1	WP_049088796.1	HV306_RS22980	Klebsiella grimontii	muropeptide MFS transporter AmpG	4769460..4770935	species representative; ortholog by 97.1% identity to the panel allele; modal in 2/3 screened Klebsiella grimontii genomes	1476	491	True
k_oxytoca	ampG	ampG|WP_304256591.1|NZ_CP119320.1|P0Y63_RS01040	ncbi_refseq_auto	GCF_029202365.1	NZ_CP119320.1	WP_304256591.1	P0Y63_RS01040	Klebsiella huaxiensis	muropeptide MFS transporter AmpG	complement(215750..217225)	species representative; ortholog by 97.1% identity to the panel allele; modal in 1/1 screened Klebsiella huaxiensis genomes	1476	491	True
k_oxytoca	ampG	ampG|WP_049114023.1|NZ_CP073236.1|KCG39_RS24855	ncbi_refseq_auto	GCF_018139045.1	NZ_CP073236.1	WP_049114023.1	KCG39_RS24855	Klebsiella pasteurii	muropeptide MFS transporter AmpG	complement(5314456..5315931)	species representative; ortholog by 97.6% identity to the panel allele; modal in 1/2 screened Klebsiella pasteurii genomes	1476	491	True
k_oxytoca	arnA	arnA|WP_004106604.1|NZ_LR134333.1|EL226_RS03020	ncbi_refseq_auto	GCF_900636985.1	NZ_LR134333.1	WP_004106604.1	EL226_RS03020	Klebsiella oxytoca NCTC 13727	bifunctional UDP-4-amino-4-deoxy-L-arabinose formyltransferase/UDP-glucuronic acid oxidase ArnA	644699..646684	refseq_gene_name	1986	661	True
k_oxytoca	arnA	arnA|WP_004134775.1|NZ_CP055309.1|HV306_RS01495	ncbi_refseq_auto	GCF_013606065.1	NZ_CP055309.1	WP_004134775.1	HV306_RS01495	Klebsiella grimontii	bifunctional UDP-4-amino-4-deoxy-L-arabinose formyltransferase/UDP-glucuronic acid oxidase ArnA	330844..332829	species representative; ortholog by 97.6% identity to the panel allele; modal in 2/3 screened Klebsiella grimontii genomes	1986	661	True
k_oxytoca	arnA	arnA|WP_304253977.1|NZ_CP119320.1|P0Y63_RS22415	ncbi_refseq_auto	GCF_029202365.1	NZ_CP119320.1	WP_304253977.1	P0Y63_RS22415	Klebsiella huaxiensis	bifunctional UDP-4-amino-4-deoxy-L-arabinose formyltransferase/UDP-glucuronic acid oxidase ArnA	complement(4668849..4670834)	species representative; ortholog by 95.9% identity to the panel allele; modal in 1/1 screened Klebsiella huaxiensis genomes	1986	661	True
k_oxytoca	arnA	arnA|WP_004126207.1|NZ_CP073236.1|KCG39_RS16865	ncbi_refseq_auto	GCF_018139045.1	NZ_CP073236.1	WP_004126207.1	KCG39_RS16865	Klebsiella pasteurii	bifunctional UDP-4-amino-4-deoxy-L-arabinose formyltransferase/UDP-glucuronic acid oxidase ArnA	complement(3569659..3571644)	species representative; ortholog by 97.7% identity to the panel allele; modal in 1/2 screened Klebsiella pasteurii genomes	1986	661	True
k_oxytoca	arnB	arnB|WP_016807571.1|NZ_LR134333.1|EL226_RS03010	ncbi_refseq_auto	GCF_900636985.1	NZ_LR134333.1	WP_016807571.1	EL226_RS03010	Klebsiella oxytoca NCTC 13727	UDP-4-amino-4-deoxy-L-arabinose aminotransferase	642578..643717	refseq_gene_name	1140	379	True
k_oxytoca	arnB	arnB|WP_049087057.1|NZ_CP055309.1|HV306_RS01485	ncbi_refseq_auto	GCF_013606065.1	NZ_CP055309.1	WP_049087057.1	HV306_RS01485	Klebsiella grimontii	UDP-4-amino-4-deoxy-L-arabinose aminotransferase	328723..329862	species representative; ortholog by 97.6% identity to the panel allele; modal in 2/3 screened Klebsiella grimontii genomes	1140	379	True
k_oxytoca	arnB	arnB|WP_304261145.1|NZ_CP119320.1|P0Y63_RS22425	ncbi_refseq_auto	GCF_029202365.1	NZ_CP119320.1	WP_304261145.1	P0Y63_RS22425	Klebsiella huaxiensis	UDP-4-amino-4-deoxy-L-arabinose aminotransferase	complement(4671816..4672955)	species representative; ortholog by 95.3% identity to the panel allele; modal in 1/1 screened Klebsiella huaxiensis genomes	1140	379	True
k_oxytoca	arnB	arnB|WP_004126209.1|NZ_CP073236.1|KCG39_RS16875	ncbi_refseq_auto	GCF_018139045.1	NZ_CP073236.1	WP_004126209.1	KCG39_RS16875	Klebsiella pasteurii	UDP-4-amino-4-deoxy-L-arabinose aminotransferase	complement(3572626..3573765)	species representative; ortholog by 96.8% identity to the panel allele; modal in 1/2 screened Klebsiella pasteurii genomes	1140	379	True
k_oxytoca	arnC	arnC|WP_004106606.1|NZ_LR134333.1|EL226_RS03015	ncbi_refseq_auto	GCF_900636985.1	NZ_LR134333.1	WP_004106606.1	EL226_RS03015	Klebsiella oxytoca NCTC 13727	undecaprenyl-phosphate 4-deoxy-4-formamido-L-arabinose transferase	643719..644702	refseq_gene_name	984	327	True
k_oxytoca	arnC	arnC|WP_004134773.1|NZ_CP055309.1|HV306_RS01490	ncbi_refseq_auto	GCF_013606065.1	NZ_CP055309.1	WP_004134773.1	HV306_RS01490	Klebsiella grimontii	undecaprenyl-phosphate 4-deoxy-4-formamido-L-arabinose transferase	329864..330847	species representative; ortholog by 99.1% identity to the panel allele; modal in 2/3 screened Klebsiella grimontii genomes	984	327	True
k_oxytoca	arnC	arnC|WP_182235194.1|NZ_CP119320.1|P0Y63_RS22420	ncbi_refseq_auto	GCF_029202365.1	NZ_CP119320.1	WP_182235194.1	P0Y63_RS22420	Klebsiella huaxiensis	undecaprenyl-phosphate 4-deoxy-4-formamido-L-arabinose transferase	complement(4670831..4671814)	species representative; ortholog by 97.9% identity to the panel allele; modal in 1/1 screened Klebsiella huaxiensis genomes	984	327	True
k_oxytoca	arnC	arnC|WP_004126208.1|NZ_CP073236.1|KCG39_RS16870	ncbi_refseq_auto	GCF_018139045.1	NZ_CP073236.1	WP_004126208.1	KCG39_RS16870	Klebsiella pasteurii	undecaprenyl-phosphate 4-deoxy-4-formamido-L-arabinose transferase	complement(3571641..3572624)	species representative; ortholog by 98.8% identity to the panel allele; modal in 2/2 screened Klebsiella pasteurii genomes	984	327	True
k_oxytoca	arnD	arnD|WP_004106597.1|NZ_LR134333.1|EL226_RS03025	ncbi_refseq_auto	GCF_900636985.1	NZ_LR134333.1	WP_004106597.1	EL226_RS03025	Klebsiella oxytoca NCTC 13727	4-deoxy-4-formamido-L-arabinose-phosphoundecaprenol deformylase	646681..647583	refseq_gene_name	903	300	True
k_oxytoca	arnD	arnD|WP_064410550.1|NZ_CP169721.1|ACE3MN_RS01485	ncbi_refseq_auto	GCF_042137965.1	NZ_CP169721.1	WP_064410550.1	ACE3MN_RS01485	Klebsiella grimontii	4-deoxy-4-formamido-L-arabinose-phosphoundecaprenol deformylase	327961..328863	species representative; ortholog by 95.3% identity to the panel allele; modal in 1/3 screened Klebsiella grimontii genomes	903	300	True
k_oxytoca	arnD	arnD|WP_182235192.1|NZ_CP119320.1|P0Y63_RS22410	ncbi_refseq_auto	GCF_029202365.1	NZ_CP119320.1	WP_182235192.1	P0Y63_RS22410	Klebsiella huaxiensis	4-deoxy-4-formamido-L-arabinose-phosphoundecaprenol deformylase	complement(4667950..4668852)	species representative; ortholog by 94.7% identity to the panel allele; modal in 1/1 screened Klebsiella huaxiensis genomes	903	300	True
k_oxytoca	arnD	arnD|WP_004126206.1|NZ_CP073236.1|KCG39_RS16860	ncbi_refseq_auto	GCF_018139045.1	NZ_CP073236.1	WP_004126206.1	KCG39_RS16860	Klebsiella pasteurii	4-deoxy-4-formamido-L-arabinose-phosphoundecaprenol deformylase	complement(3568760..3569662)	species representative; ortholog by 95.3% identity to the panel allele; modal in 2/2 screened Klebsiella pasteurii genomes	903	300	True
k_oxytoca	arnE	arnE|WP_004106593.1|NZ_LR134333.1|EL226_RS03035	ncbi_refseq_auto	GCF_900636985.1	NZ_LR134333.1	WP_004106593.1	EL226_RS03035	Klebsiella oxytoca NCTC 13727	4-amino-4-deoxy-L-arabinose-phosphoundecaprenol flippase subunit ArnE	649235..649573	refseq_gene_name	339	112	True
k_oxytoca	arnE	arnE|WP_004134781.1|NZ_CP055309.1|HV306_RS01510	ncbi_refseq_auto	GCF_013606065.1	NZ_CP055309.1	WP_004134781.1	HV306_RS01510	Klebsiella grimontii	4-amino-4-deoxy-L-arabinose-phosphoundecaprenol flippase subunit ArnE	335380..335718	species representative; ortholog by 96.4% identity to the panel allele; modal in 3/3 screened Klebsiella grimontii genomes	339	112	True
k_oxytoca	arnE	arnE|WP_182235190.1|NZ_CP119320.1|P0Y63_RS22400	ncbi_refseq_auto	GCF_029202365.1	NZ_CP119320.1	WP_182235190.1	P0Y63_RS22400	Klebsiella huaxiensis	4-amino-4-deoxy-L-arabinose-phosphoundecaprenol flippase subunit ArnE	complement(4665960..4666298)	species representative; ortholog by 96.4% identity to the panel allele; modal in 1/1 screened Klebsiella huaxiensis genomes	339	112	True
k_oxytoca	arnE	arnE|WP_004126204.1|NZ_CP073236.1|KCG39_RS16850	ncbi_refseq_auto	GCF_018139045.1	NZ_CP073236.1	WP_004126204.1	KCG39_RS16850	Klebsiella pasteurii	4-amino-4-deoxy-L-arabinose-phosphoundecaprenol flippase subunit ArnE	complement(3566770..3567108)	species representative; ortholog by 96.4% identity to the panel allele; modal in 2/2 screened Klebsiella pasteurii genomes	339	112	True
k_oxytoca	arnF	arnF|WP_004106591.1|NZ_LR134333.1|EL226_RS03040	ncbi_refseq_auto	GCF_900636985.1	NZ_LR134333.1	WP_004106591.1	EL226_RS03040	Klebsiella oxytoca NCTC 13727	4-amino-4-deoxy-L-arabinose-phosphoundecaprenol flippase subunit ArnF	649573..649956	refseq_gene_name	384	127	True
k_oxytoca	arnF	arnF|WP_004134783.1|NZ_CP055309.1|HV306_RS01515	ncbi_refseq_auto	GCF_013606065.1	NZ_CP055309.1	WP_004134783.1	HV306_RS01515	Klebsiella grimontii	4-amino-4-deoxy-L-arabinose-phosphoundecaprenol flippase subunit ArnF	335718..336101	species representative; ortholog by 96.1% identity to the panel allele; modal in 3/3 screened Klebsiella grimontii genomes	384	127	True
k_oxytoca	arnF	arnF|WP_304253971.1|NZ_CP119320.1|P0Y63_RS22395	ncbi_refseq_auto	GCF_029202365.1	NZ_CP119320.1	WP_304253971.1	P0Y63_RS22395	Klebsiella huaxiensis	4-amino-4-deoxy-L-arabinose-phosphoundecaprenol flippase subunit ArnF	complement(4665577..4665960)	species representative; ortholog by 96.1% identity to the panel allele; modal in 1/1 screened Klebsiella huaxiensis genomes	384	127	True
k_oxytoca	arnF	arnF|WP_004126203.1|NZ_CP073236.1|KCG39_RS16845	ncbi_refseq_auto	GCF_018139045.1	NZ_CP073236.1	WP_004126203.1	KCG39_RS16845	Klebsiella pasteurii	4-amino-4-deoxy-L-arabinose-phosphoundecaprenol flippase subunit ArnF	complement(3566387..3566770)	species representative; ortholog by 96.1% identity to the panel allele; modal in 2/2 screened Klebsiella pasteurii genomes	384	127	True
k_oxytoca	arnT	arnT|WP_049591488.1|NZ_LR134333.1|EL226_RS03030	ncbi_refseq_auto	GCF_900636985.1	NZ_LR134333.1	WP_049591488.1	EL226_RS03030	Klebsiella oxytoca NCTC 13727	lipid IV(A) 4-amino-4-deoxy-L-arabinosyltransferase	647583..649238	refseq_gene_name	1656	551	True
k_oxytoca	arnT	arnT|WP_375364240.1|NZ_CP169721.1|ACE3MN_RS01490	ncbi_refseq_auto	GCF_042137965.1	NZ_CP169721.1	WP_375364240.1	ACE3MN_RS01490	Klebsiella grimontii	lipid IV(A) 4-amino-4-deoxy-L-arabinosyltransferase	328863..330518	species representative; ortholog by 96.9% identity to the panel allele; modal in 1/3 screened Klebsiella grimontii genomes	1656	551	True
k_oxytoca	arnT	arnT|WP_304253975.1|NZ_CP119320.1|P0Y63_RS22405	ncbi_refseq_auto	GCF_029202365.1	NZ_CP119320.1	WP_304253975.1	P0Y63_RS22405	Klebsiella huaxiensis	lipid IV(A) 4-amino-4-deoxy-L-arabinosyltransferase	complement(4666295..4667950)	species representative; ortholog by 96.0% identity to the panel allele; modal in 1/1 screened Klebsiella huaxiensis genomes	1656	551	True
k_oxytoca	arnT	arnT|WP_142468095.1|NZ_CP073236.1|KCG39_RS16855	ncbi_refseq_auto	GCF_018139045.1	NZ_CP073236.1	WP_142468095.1	KCG39_RS16855	Klebsiella pasteurii	lipid IV(A) 4-amino-4-deoxy-L-arabinosyltransferase	complement(3567105..3568760)	species representative; ortholog by 97.3% identity to the panel allele; modal in 1/2 screened Klebsiella pasteurii genomes	1656	551	True
k_oxytoca	cirA	cirA|WP_004114107.1|NZ_LR134333.1|EL226_RS10425	ncbi_refseq_auto	GCF_900636985.1	NZ_LR134333.1	WP_004114107.1	EL226_RS10425	Klebsiella oxytoca NCTC 13727	catecholate siderophore receptor CirA	2149261..2151234	refseq_gene_name	1974	657	True
k_oxytoca	cirA	cirA|WP_004870389.1|NZ_CP055309.1|HV306_RS09605	ncbi_refseq_auto	GCF_013606065.1	NZ_CP055309.1	WP_004870389.1	HV306_RS09605	Klebsiella grimontii	catecholate siderophore receptor CirA	1965111..1967084	species representative; ortholog by 98.9% identity to the panel allele; modal in 3/3 screened Klebsiella grimontii genomes	1974	657	True
k_oxytoca	cirA	cirA|WP_182239965.1|NZ_CP119320.1|P0Y63_RS14580	ncbi_refseq_auto	GCF_029202365.1	NZ_CP119320.1	WP_182239965.1	P0Y63_RS14580	Klebsiella huaxiensis	catecholate siderophore receptor CirA	complement(3050749..3052722)	species representative; ortholog by 97.9% identity to the panel allele; modal in 1/1 screened Klebsiella huaxiensis genomes	1974	657	True
k_oxytoca	cirA	cirA|WP_004122881.1|NZ_CP073236.1|KCG39_RS10100	ncbi_refseq_auto	GCF_018139045.1	NZ_CP073236.1	WP_004122881.1	KCG39_RS10100	Klebsiella pasteurii	catecholate siderophore receptor CirA	complement(2164742..2166715)	species representative; ortholog by 98.5% identity to the panel allele; modal in 1/2 screened Klebsiella pasteurii genomes	1974	657	True
k_oxytoca	dacB	dacB|WP_064407138.1|NZ_LR134333.1|EL226_RS04320	ncbi_refseq_auto	GCF_900636985.1	NZ_LR134333.1	WP_064407138.1	EL226_RS04320	Klebsiella oxytoca NCTC 13727	serine-type D-Ala-D-Ala carboxypeptidase	complement(893274..894707)	refseq_gene_name	1434	477	True
k_oxytoca	dacB	dacB|WP_024358753.1|NZ_CP055309.1|HV306_RS02745	ncbi_refseq_auto	GCF_013606065.1	NZ_CP055309.1	WP_024358753.1	HV306_RS02745	Klebsiella grimontii	serine-type D-Ala-D-Ala carboxypeptidase	complement(575025..576458)	species representative; ortholog by 97.9% identity to the panel allele; modal in 3/3 screened Klebsiella grimontii genomes	1434	477	True
k_oxytoca	dacB	dacB|WP_304253751.1|NZ_CP119320.1|P0Y63_RS20980	ncbi_refseq_auto	GCF_029202365.1	NZ_CP119320.1	WP_304253751.1	P0Y63_RS20980	Klebsiella huaxiensis	serine-type D-Ala-D-Ala carboxypeptidase	4388486..4389919	species representative; ortholog by 96.4% identity to the panel allele; modal in 1/1 screened Klebsiella huaxiensis genomes	1434	477	True
k_oxytoca	dacB	dacB|WP_142468343.1|NZ_CP073236.1|KCG39_RS15575	ncbi_refseq_auto	GCF_018139045.1	NZ_CP073236.1	WP_142468343.1	KCG39_RS15575	Klebsiella pasteurii	serine-type D-Ala-D-Ala carboxypeptidase	3317325..3318758	species representative; ortholog by 97.5% identity to the panel allele; modal in 1/2 screened Klebsiella pasteurii genomes	1434	477	True
k_oxytoca	emrA	emrA|WP_004104787.1|NZ_LR134333.1|EL226_RS07790	ncbi_refseq_auto	GCF_900636985.1	NZ_LR134333.1	WP_004104787.1	EL226_RS07790	Klebsiella oxytoca NCTC 13727	multidrug efflux MFS transporter periplasmic adaptor subunit EmrA	complement(1598223..1599395)	refseq_gene_name	1173	390	True
k_oxytoca	emrA	emrA|WP_004123983.1|NZ_CP100482.1|NLZ17_RS06445	ncbi_refseq_auto	GCF_024224355.1	NZ_CP100482.1	WP_004123983.1	NLZ17_RS06445	Klebsiella grimontii	multidrug efflux MFS transporter periplasmic adaptor subunit EmrA	complement(1313789..1314961)	species representative; ortholog by 99.0% identity to the panel allele; modal in 2/3 screened Klebsiella grimontii genomes	1173	390	True
k_oxytoca	emrA	emrA|WP_304253005.1|NZ_CP119320.1|P0Y63_RS17290	ncbi_refseq_auto	GCF_029202365.1	NZ_CP119320.1	WP_304253005.1	P0Y63_RS17290	Klebsiella huaxiensis	multidrug efflux MFS transporter periplasmic adaptor subunit EmrA	3607008..3608180	species representative; ortholog by 97.4% identity to the panel allele; modal in 1/1 screened Klebsiella huaxiensis genomes	1173	390	True
k_oxytoca	emrB	emrB|WP_004104788.1|NZ_LR134333.1|EL226_RS07785	ncbi_refseq_auto	GCF_900636985.1	NZ_LR134333.1	WP_004104788.1	EL226_RS07785	Klebsiella oxytoca NCTC 13727	multidrug efflux MFS transporter permease subunit EmrB	complement(1596669..1598207)	refseq_gene_name	1539	512	True
k_oxytoca	emrB	emrB|WP_004123984.1|NZ_CP055309.1|HV306_RS06675	ncbi_refseq_auto	GCF_013606065.1	NZ_CP055309.1	WP_004123984.1	HV306_RS06675	Klebsiella grimontii	multidrug efflux MFS transporter permease subunit EmrB	complement(1367201..1368739)	species representative; ortholog by 99.6% identity to the panel allele; modal in 3/3 screened Klebsiella grimontii genomes	1539	512	True
k_oxytoca	emrB	emrB|WP_181485208.1|NZ_CP119320.1|P0Y63_RS17295	ncbi_refseq_auto	GCF_029202365.1	NZ_CP119320.1	WP_181485208.1	P0Y63_RS17295	Klebsiella huaxiensis	multidrug efflux MFS transporter permease subunit EmrB	3608196..3609743	species representative; ortholog by 98.6% identity to the panel allele; modal in 1/1 screened Klebsiella huaxiensis genomes	1548	515	True
k_oxytoca	emrR	emrR|WP_004104785.1|NZ_LR134333.1|EL226_RS07795	ncbi_refseq_auto	GCF_900636985.1	NZ_LR134333.1	WP_004104785.1	EL226_RS07795	Klebsiella oxytoca NCTC 13727	transcriptional repressor MprA	complement(1599529..1600059)	refseq_gene_name	531	176	True
k_oxytoca	envZ	envZ|WP_004106678.1|NZ_LR134333.1|EL226_RS02840	ncbi_refseq_auto	GCF_900636985.1	NZ_LR134333.1	WP_004106678.1	EL226_RS02840	Klebsiella oxytoca NCTC 13727	two-component system sensor histidine kinase EnvZ	complement(604816..606177)	refseq_gene_name	1362	453	True
k_oxytoca	envZ	envZ|WP_024359787.1|NZ_CP055309.1|HV306_RS01300	ncbi_refseq_auto	GCF_013606065.1	NZ_CP055309.1	WP_024359787.1	HV306_RS01300	Klebsiella grimontii	two-component system sensor histidine kinase EnvZ	complement(288408..289769)	species representative; ortholog by 99.1% identity to the panel allele; modal in 3/3 screened Klebsiella grimontii genomes	1362	453	True
k_oxytoca	envZ	envZ|WP_304254138.1|NZ_CP119320.1|P0Y63_RS23055	ncbi_refseq_auto	GCF_029202365.1	NZ_CP119320.1	WP_304254138.1	P0Y63_RS23055	Klebsiella huaxiensis	two-component system sensor histidine kinase EnvZ	complement(4820796..4822157)	species representative; ortholog by 96.7% identity to the panel allele; modal in 1/1 screened Klebsiella huaxiensis genomes	1362	453	True
k_oxytoca	envZ	envZ|WP_004126293.1|NZ_CP073236.1|KCG39_RS17045	ncbi_refseq_auto	GCF_018139045.1	NZ_CP073236.1	WP_004126293.1	KCG39_RS17045	Klebsiella pasteurii	two-component system sensor histidine kinase EnvZ	3610155..3611516	species representative; ortholog by 98.9% identity to the panel allele; modal in 2/2 screened Klebsiella pasteurii genomes	1362	453	True
k_oxytoca	eptA	eptA|WP_024273943.1|NZ_LR134333.1|EL226_RS20010	ncbi_refseq_auto	GCF_900636985.1	NZ_LR134333.1	WP_024273943.1	EL226_RS20010	Klebsiella oxytoca NCTC 13727	phosphoethanolamine transferase EptA	4194219..4195862	refseq_gene_name	1644	547	True
k_oxytoca	eptA	eptA|WP_131930244.1|NZ_CP169721.1|ACE3MN_RS18290	ncbi_refseq_auto	GCF_042137965.1	NZ_CP169721.1	WP_131930244.1	ACE3MN_RS18290	Klebsiella grimontii	phosphoethanolamine transferase EptA	3886497..3888140	species representative; ortholog by 94.3% identity to the panel allele; modal in 1/3 screened Klebsiella grimontii genomes	1644	547	True
k_oxytoca	eptA	eptA|WP_304257178.1|NZ_CP119320.1|P0Y63_RS03630	ncbi_refseq_auto	GCF_029202365.1	NZ_CP119320.1	WP_304257178.1	P0Y63_RS03630	Klebsiella huaxiensis	phosphoethanolamine transferase EptA	complement(780334..781977)	species representative; ortholog by 92.4% identity to the panel allele; modal in 1/1 screened Klebsiella huaxiensis genomes	1644	547	True
k_oxytoca	eptA	eptA|WP_087830011.1|NZ_CP073236.1|KCG39_RS27120	ncbi_refseq_auto	GCF_018139045.1	NZ_CP073236.1	WP_087830011.1	KCG39_RS27120	Klebsiella pasteurii	phosphoethanolamine transferase EptA	complement(5807055..5808698)	species representative; ortholog by 94.9% identity to the panel allele; modal in 2/2 screened Klebsiella pasteurii genomes	1644	547	True
k_oxytoca	exbB	exbB|WP_004105812.1|NZ_LR134333.1|EL226_RS05170	ncbi_refseq_auto	GCF_900636985.1	NZ_LR134333.1	WP_004105812.1	EL226_RS05170	Klebsiella oxytoca NCTC 13727	tol-pal system-associated acyl-CoA thioesterase	1071123..1071854	refseq_gene_name	732	243	True
k_oxytoca	exbB	exbB|WP_004125237.1|NZ_CP055309.1|HV306_RS03620	ncbi_refseq_auto	GCF_013606065.1	NZ_CP055309.1	WP_004125237.1	HV306_RS03620	Klebsiella grimontii	tol-pal system-associated acyl-CoA thioesterase	754577..755308	species representative; ortholog by 99.2% identity to the panel allele; modal in 2/3 screened Klebsiella grimontii genomes	732	243	True
k_oxytoca	exbB	exbB|WP_304253626.1|NZ_CP119320.1|P0Y63_RS20115	ncbi_refseq_auto	GCF_029202365.1	NZ_CP119320.1	WP_304253626.1	P0Y63_RS20115	Klebsiella huaxiensis	tol-pal system-associated acyl-CoA thioesterase	complement(4206101..4206832)	species representative; ortholog by 96.3% identity to the panel allele; modal in 1/1 screened Klebsiella huaxiensis genomes	732	243	True
k_oxytoca	exbD	exbD|WP_004105810.1|NZ_LR134333.1|EL226_RS05175	ncbi_refseq_auto	GCF_900636985.1	NZ_LR134333.1	WP_004105810.1	EL226_RS05175	Klebsiella oxytoca NCTC 13727	TonB system transport protein ExbD	1071861..1072286	refseq_gene_name	426	141	True
k_oxytoca	exbD	exbD|WP_004135785.1|NZ_CP055309.1|HV306_RS03625	ncbi_refseq_auto	GCF_013606065.1	NZ_CP055309.1	WP_004135785.1	HV306_RS03625	Klebsiella grimontii	TonB system transport protein ExbD	755315..755740	species representative; ortholog by 98.6% identity to the panel allele; modal in 2/3 screened Klebsiella grimontii genomes	426	141	True
k_oxytoca	exbD	exbD|WP_112213736.1|NZ_CP119320.1|P0Y63_RS20110	ncbi_refseq_auto	GCF_029202365.1	NZ_CP119320.1	WP_112213736.1	P0Y63_RS20110	Klebsiella huaxiensis	TonB system transport protein ExbD	complement(4205669..4206094)	species representative; ortholog by 97.2% identity to the panel allele; modal in 1/1 screened Klebsiella huaxiensis genomes	426	141	True
k_oxytoca	exbD	exbD|WP_004125236.1|NZ_CP073236.1|KCG39_RS14700	ncbi_refseq_auto	GCF_018139045.1	NZ_CP073236.1	WP_004125236.1	KCG39_RS14700	Klebsiella pasteurii	TonB system transport protein ExbD	complement(3137140..3137565)	species representative; ortholog by 97.9% identity to the panel allele; modal in 1/2 screened Klebsiella pasteurii genomes	426	141	True
k_oxytoca	fecA	fecA|WP_023320729.1|NZ_LR134333.1|EL226_RS17935	ncbi_refseq_auto	GCF_900636985.1	NZ_LR134333.1	WP_023320729.1	EL226_RS17935	Klebsiella oxytoca NCTC 13727	TonB-dependent Fe(3+) dicitrate receptor FecA	3739240..3741570	refseq_gene_name	2331	776	True
k_oxytoca	fecA	fecA|WP_131930780.1|NZ_CP169721.1|ACE3MN_RS15930	ncbi_refseq_auto	GCF_042137965.1	NZ_CP169721.1	WP_131930780.1	ACE3MN_RS15930	Klebsiella grimontii	TonB-dependent Fe(3+) dicitrate receptor FecA	3368817..3371147	species representative; ortholog by 94.3% identity to the panel allele; modal in 1/3 screened Klebsiella grimontii genomes	2331	776	True
k_oxytoca	fecA	fecA|WP_304258243.1|NZ_CP119320.1|P0Y63_RS06575	ncbi_refseq_auto	GCF_029202365.1	NZ_CP119320.1	WP_304258243.1	P0Y63_RS06575	Klebsiella huaxiensis	TonB-dependent Fe(3+) dicitrate receptor FecA	complement(1389442..1391772)	species representative; ortholog by 93.4% identity to the panel allele; modal in 1/1 screened Klebsiella huaxiensis genomes	2331	776	True
k_oxytoca	fecA	fecA|WP_020325014.1|NZ_JBUYXH010000003.1|ACY47C_RS29890	ncbi_refseq_auto	GCF_055229405.1	NZ_JBUYXH010000003.1	WP_020325014.1	ACY47C_RS29890	Klebsiella pasteurii	TonB-dependent Fe(3+) dicitrate receptor FecA	complement(109625..111949)	species representative; ortholog by 89.4% identity to the panel allele; modal in 1/1 screened Klebsiella pasteurii genomes	2325	774	True
k_oxytoca	fhuA	fhuA|WP_032691939.1|NZ_LR134333.1|EL226_RS24000	ncbi_refseq_auto	GCF_900636985.1	NZ_LR134333.1	WP_032691939.1	EL226_RS24000	Klebsiella oxytoca NCTC 13727	ferrichrome porin FhuA	complement(5045321..5047525)	refseq_gene_name	2205	734	True
k_oxytoca	fhuA	fhuA|WP_064342191.1|NZ_CP055309.1|HV306_RS24380	ncbi_refseq_auto	GCF_013606065.1	NZ_CP055309.1	WP_064342191.1	HV306_RS24380	Klebsiella grimontii	ferrichrome porin FhuA	complement(5074176..5076380)	species representative; ortholog by 98.6% identity to the panel allele; modal in 2/3 screened Klebsiella grimontii genomes	2205	734	True
k_oxytoca	fhuA	fhuA|WP_304256274.1|NZ_CP119320.1|P0Y63_RS30050	ncbi_refseq_auto	GCF_029202365.1	NZ_CP119320.1	WP_304256274.1	P0Y63_RS30050	Klebsiella huaxiensis	ferrichrome porin FhuA	6304064..6306274	species representative; ortholog by 95.1% identity to the panel allele; modal in 1/1 screened Klebsiella huaxiensis genomes	2211	736	True
k_oxytoca	ftsH	ftsH|WP_004854549.1|NZ_LR134333.1|EL226_RS04340	ncbi_refseq_auto	GCF_900636985.1	NZ_LR134333.1	WP_004854549.1	EL226_RS04340	Klebsiella oxytoca NCTC 13727	ATP-dependent zinc metalloprotease FtsH	896718..898652	refseq_gene_name	1935	644	True
k_oxytoca	ftsH	ftsH|WP_004139802.1|NZ_CP055309.1|HV306_RS02765	ncbi_refseq_auto	GCF_013606065.1	NZ_CP055309.1	WP_004139802.1	HV306_RS02765	Klebsiella grimontii	ATP-dependent zinc metalloprotease FtsH	578468..580402	species representative; ortholog by 99.8% identity to the panel allele; modal in 3/3 screened Klebsiella grimontii genomes	1935	644	True
k_oxytoca	ftsH	ftsH|WP_110272863.1|NZ_CP119320.1|P0Y63_RS20960	ncbi_refseq_auto	GCF_029202365.1	NZ_CP119320.1	WP_110272863.1	P0Y63_RS20960	Klebsiella huaxiensis	ATP-dependent zinc metalloprotease FtsH	complement(4384540..4386474)	species representative; ortholog by 98.4% identity to the panel allele; modal in 1/1 screened Klebsiella huaxiensis genomes	1935	644	True
k_oxytoca	ftsI	ftsI|WP_004103311.1|NZ_LR134333.1|EL226_RS12095	ncbi_refseq_auto	GCF_900636985.1	NZ_LR134333.1	WP_004103311.1	EL226_RS12095	Klebsiella oxytoca NCTC 13727	peptidoglycan glycosyltransferase FtsI	2525814..2527559	refseq_gene_name	1746	581	True
k_oxytoca	ftsI	ftsI|WP_049089561.1|NZ_CP055309.1|HV306_RS11775	ncbi_refseq_auto	GCF_013606065.1	NZ_CP055309.1	WP_049089561.1	HV306_RS11775	Klebsiella grimontii	peptidoglycan glycosyltransferase FtsI	2420883..2422628	species representative; ortholog by 97.4% identity to the panel allele; modal in 3/3 screened Klebsiella grimontii genomes	1746	581	True
k_oxytoca	ftsI	ftsI|WP_304259900.1|NZ_CP119320.1|P0Y63_RS12520	ncbi_refseq_auto	GCF_029202365.1	NZ_CP119320.1	WP_304259900.1	P0Y63_RS12520	Klebsiella huaxiensis	peptidoglycan glycosyltransferase FtsI	complement(2611297..2613042)	species representative; ortholog by 94.8% identity to the panel allele; modal in 1/1 screened Klebsiella huaxiensis genomes	1746	581	True
k_oxytoca	ftsI	ftsI|WP_004121995.1|NZ_CP073236.1|KCG39_RS08225	ncbi_refseq_auto	GCF_018139045.1	NZ_CP073236.1	WP_004121995.1	KCG39_RS08225	Klebsiella pasteurii	peptidoglycan glycosyltransferase FtsI	complement(1751275..1753020)	species representative; ortholog by 97.4% identity to the panel allele; modal in 2/2 screened Klebsiella pasteurii genomes	1746	581	True
k_oxytoca	lapB	lapB|WP_004101396.1|NZ_LR134333.1|EL226_RS17355	ncbi_refseq_auto	GCF_900636985.1	NZ_LR134333.1	WP_004101396.1	EL226_RS17355	Klebsiella oxytoca NCTC 13727	lipopolysaccharide assembly protein LapB	complement(3620894..3622063)	refseq_gene_name	1170	389	True
k_oxytoca	lapB	lapB|WP_004139516.1|NZ_CP055309.1|HV306_RS17375	ncbi_refseq_auto	GCF_013606065.1	NZ_CP055309.1	WP_004139516.1	HV306_RS17375	Klebsiella grimontii	lipopolysaccharide assembly protein LapB	complement(3584901..3586070)	species representative; ortholog by 97.7% identity to the panel allele; modal in 2/3 screened Klebsiella grimontii genomes	1170	389	True
k_oxytoca	lapB	lapB|WP_304258518.1|NZ_CP119320.1|P0Y63_RS07385	ncbi_refseq_auto	GCF_029202365.1	NZ_CP119320.1	WP_304258518.1	P0Y63_RS07385	Klebsiella huaxiensis	lipopolysaccharide assembly protein LapB	1556453..1557622	species representative; ortholog by 96.4% identity to the panel allele; modal in 1/1 screened Klebsiella huaxiensis genomes	1170	389	True
k_oxytoca	lapB	lapB|WP_004121242.1|NZ_CP073236.1|KCG39_RS02920	ncbi_refseq_auto	GCF_018139045.1	NZ_CP073236.1	WP_004121242.1	KCG39_RS02920	Klebsiella pasteurii	lipopolysaccharide assembly protein LapB	634809..635978	species representative; ortholog by 97.2% identity to the panel allele; modal in 2/2 screened Klebsiella pasteurii genomes	1170	389	True
k_oxytoca	lapC	lapC|WP_004114147.1|NZ_LR134333.1|EL226_RS10245	ncbi_refseq_auto	GCF_900636985.1	NZ_LR134333.1	WP_004114147.1	EL226_RS10245	Klebsiella oxytoca NCTC 13727	LPS biosynthesis-modulating metalloenzyme YejM	complement(2110718..2112478)	refseq_gene_name	1761	586	True
k_oxytoca	lpxC	lpxC|WP_004098599.1|NZ_LR134333.1|EL226_RS24375	ncbi_refseq_auto	GCF_900636985.1	NZ_LR134333.1	WP_004098599.1	EL226_RS24375	Klebsiella oxytoca NCTC 13727	UDP-3-O-acyl-N-acetylglucosamine deacetylase	complement(5129552..5130469)	refseq_gene_name	918	305	True
k_oxytoca	lpxC	lpxC|WP_110272551.1|NZ_CP119320.1|P0Y63_RS29695	ncbi_refseq_auto	GCF_029202365.1	NZ_CP119320.1	WP_110272551.1	P0Y63_RS29695	Klebsiella huaxiensis	UDP-3-O-acyl-N-acetylglucosamine deacetylase	6222917..6223834	species representative; ortholog by 99.3% identity to the panel allele; modal in 1/1 screened Klebsiella huaxiensis genomes	918	305	True
k_oxytoca	marA	marA|WP_004102351.1|NZ_LR134333.1|EL226_RS14750	ncbi_refseq_auto	GCF_900636985.1	NZ_LR134333.1	WP_004102351.1	EL226_RS14750	Klebsiella oxytoca NCTC 13727	MDR efflux pump AcrAB transcriptional activator MarA	complement(3073161..3073541)	refseq_gene_name	381	126	True
k_oxytoca	marR	marR|WP_004102349.1|NZ_LR134333.1|EL226_RS14755	ncbi_refseq_auto	GCF_900636985.1	NZ_LR134333.1	WP_004102349.1	EL226_RS14755	Klebsiella oxytoca NCTC 13727	multiple antibiotic resistance transcriptional regulator MarR	complement(3073559..3073993)	refseq_gene_name	435	144	True
k_oxytoca	marR	marR|WP_110274127.1|NZ_CP119320.1|P0Y63_RS10320	ncbi_refseq_auto	GCF_029202365.1	NZ_CP119320.1	WP_110274127.1	P0Y63_RS10320	Klebsiella huaxiensis	multiple antibiotic resistance transcriptional regulator MarR	2149605..2150039	species representative; ortholog by 95.1% identity to the panel allele; modal in 1/1 screened Klebsiella huaxiensis genomes	435	144	True
k_oxytoca	mdtK	mdtK|WP_004113454.1|NZ_LR134333.1|EL226_RS13835	ncbi_refseq_auto	GCF_900636985.1	NZ_LR134333.1	WP_004113454.1	EL226_RS13835	Klebsiella oxytoca NCTC 13727	MdtK family multidrug efflux MATE transporter	complement(2887553..2888926)	refseq_gene_name	1374	457	True
k_oxytoca	mdtK	mdtK|WP_024357964.1|NZ_CP055309.1|HV306_RS13145	ncbi_refseq_auto	GCF_013606065.1	NZ_CP055309.1	WP_024357964.1	HV306_RS13145	Klebsiella grimontii	MdtK family multidrug efflux MATE transporter	complement(2719900..2721273)	species representative; ortholog by 97.2% identity to the panel allele; modal in 3/3 screened Klebsiella grimontii genomes	1374	457	True
k_oxytoca	mdtK	mdtK|WP_304259593.1|NZ_CP119320.1|P0Y63_RS11145	ncbi_refseq_auto	GCF_029202365.1	NZ_CP119320.1	WP_304259593.1	P0Y63_RS11145	Klebsiella huaxiensis	MdtK family multidrug efflux MATE transporter	2310495..2311868	species representative; ortholog by 95.2% identity to the panel allele; modal in 1/1 screened Klebsiella huaxiensis genomes	1374	457	True
k_oxytoca	mdtK	mdtK|WP_004119451.1|NZ_CP073236.1|KCG39_RS06850	ncbi_refseq_auto	GCF_018139045.1	NZ_CP073236.1	WP_004119451.1	KCG39_RS06850	Klebsiella pasteurii	MdtK family multidrug efflux MATE transporter	1447789..1449162	species representative; ortholog by 96.9% identity to the panel allele; modal in 2/2 screened Klebsiella pasteurii genomes	1374	457	True
k_oxytoca	mrcA	mrcA|WP_032729090.1|NZ_LR134333.1|EL226_RS03380	ncbi_refseq_auto	GCF_900636985.1	NZ_LR134333.1	WP_032729090.1	EL226_RS03380	Klebsiella oxytoca NCTC 13727	peptidoglycan glycosyltransferase/peptidoglycan DD-transpeptidase MrcA	complement(728590..731148)	refseq_gene_name	2559	852	True
k_oxytoca	mrcA	mrcA|WP_131930652.1|NZ_CP169721.1|ACE3MN_RS01810	ncbi_refseq_auto	GCF_042137965.1	NZ_CP169721.1	WP_131930652.1	ACE3MN_RS01810	Klebsiella grimontii	peptidoglycan glycosyltransferase/peptidoglycan DD-transpeptidase MrcA	complement(405148..407706)	species representative; ortholog by 97.5% identity to the panel allele; modal in 1/3 screened Klebsiella grimontii genomes	2559	852	True
k_oxytoca	mrcA	mrcA|WP_304253858.1|NZ_CP119320.1|P0Y63_RS21955	ncbi_refseq_auto	GCF_029202365.1	NZ_CP119320.1	WP_304253858.1	P0Y63_RS21955	Klebsiella huaxiensis	peptidoglycan glycosyltransferase/peptidoglycan DD-transpeptidase MrcA	4562031..4564589	species representative; ortholog by 95.9% identity to the panel allele; modal in 1/1 screened Klebsiella huaxiensis genomes	2559	852	True
k_oxytoca	mrcA	mrcA|WP_049115497.1|NZ_CP073236.1|KCG39_RS16535	ncbi_refseq_auto	GCF_018139045.1	NZ_CP073236.1	WP_049115497.1	KCG39_RS16535	Klebsiella pasteurii	peptidoglycan glycosyltransferase/peptidoglycan DD-transpeptidase MrcA	3489295..3491853	species representative; ortholog by 98.0% identity to the panel allele; modal in 2/2 screened Klebsiella pasteurii genomes	2559	852	True
k_oxytoca	mrcB	mrcB|WP_004107974.1|NZ_LR134333.1|EL226_RS24005	ncbi_refseq_auto	GCF_900636985.1	NZ_LR134333.1	WP_004107974.1	EL226_RS24005	Klebsiella oxytoca NCTC 13727	bifunctional glycosyl transferase/transpeptidase	complement(5047800..5050352)	refseq_gene_name	2553	850	True
k_oxytoca	mrcB	mrcB|WP_004872057.1|NZ_CP055309.1|HV306_RS24385	ncbi_refseq_auto	GCF_013606065.1	NZ_CP055309.1	WP_004872057.1	HV306_RS24385	Klebsiella grimontii	bifunctional glycosyl transferase/transpeptidase	complement(5076655..5079210)	species representative; ortholog by 98.9% identity to the panel allele; modal in 3/3 screened Klebsiella grimontii genomes	2556	851	True
k_oxytoca	mrcB	mrcB|WP_182236425.1|NZ_CP119320.1|P0Y63_RS30045	ncbi_refseq_auto	GCF_029202365.1	NZ_CP119320.1	WP_182236425.1	P0Y63_RS30045	Klebsiella huaxiensis	bifunctional glycosyl transferase/transpeptidase	6301075..6303633	species representative; ortholog by 97.3% identity to the panel allele; modal in 1/1 screened Klebsiella huaxiensis genomes	2559	852	True
k_oxytoca	mrcB	mrcB|WP_004129087.1|NZ_CP073236.1|KCG39_RS23375	ncbi_refseq_auto	GCF_018139045.1	NZ_CP073236.1	WP_004129087.1	KCG39_RS23375	Klebsiella pasteurii	bifunctional glycosyl transferase/transpeptidase	4988358..4990910	species representative; ortholog by 98.7% identity to the panel allele; modal in 2/2 screened Klebsiella pasteurii genomes	2553	850	True
k_oxytoca	mrdA	mrdA|WP_004100158.1|NZ_LR134333.1|EL226_RS20845	ncbi_refseq_auto	GCF_900636985.1	NZ_LR134333.1	WP_004100158.1	EL226_RS20845	Klebsiella oxytoca NCTC 13727	peptidoglycan DD-transpeptidase MrdA	4358405..4360306	refseq_gene_name	1902	633	True
k_oxytoca	mrdA	mrdA|WP_004130417.1|NZ_CP055309.1|HV306_RS21465	ncbi_refseq_auto	GCF_013606065.1	NZ_CP055309.1	WP_004130417.1	HV306_RS21465	Klebsiella grimontii	peptidoglycan DD-transpeptidase MrdA	4427175..4429076	species representative; ortholog by 99.4% identity to the panel allele; modal in 3/3 screened Klebsiella grimontii genomes	1902	633	True
k_oxytoca	mrdA	mrdA|WP_110273333.1|NZ_CP119320.1|P0Y63_RS02750	ncbi_refseq_auto	GCF_029202365.1	NZ_CP119320.1	WP_110273333.1	P0Y63_RS02750	Klebsiella huaxiensis	peptidoglycan DD-transpeptidase MrdA	complement(600695..602596)	species representative; ortholog by 98.7% identity to the panel allele; modal in 1/1 screened Klebsiella huaxiensis genomes	1902	633	True
k_oxytoca	ompA	ompA|WP_004100770.1|NZ_LR134333.1|EL226_RS19100	ncbi_refseq_auto	GCF_900636985.1	NZ_LR134333.1	WP_004100770.1	EL226_RS19100	Klebsiella oxytoca NCTC 13727	porin OmpA	3988212..3989282	refseq_gene_name	1071	356	True
k_oxytoca	ompA	ompA|WP_004871566.1|NZ_CP055309.1|HV306_RS19440	ncbi_refseq_auto	GCF_013606065.1	NZ_CP055309.1	WP_004871566.1	HV306_RS19440	Klebsiella grimontii	porin OmpA	4017470..4018540	species representative; ortholog by 99.2% identity to the panel allele; modal in 3/3 screened Klebsiella grimontii genomes	1071	356	True
k_oxytoca	ompA	ompA|WP_304257741.1|NZ_CP119320.1|P0Y63_RS05090	ncbi_refseq_auto	GCF_029202365.1	NZ_CP119320.1	WP_304257741.1	P0Y63_RS05090	Klebsiella huaxiensis	porin OmpA	complement(1077001..1078071)	species representative; ortholog by 98.9% identity to the panel allele; modal in 1/1 screened Klebsiella huaxiensis genomes	1071	356	True
k_oxytoca	ompA	ompA|WP_004131016.1|NZ_CP073236.1|KCG39_RS00790	ncbi_refseq_auto	GCF_018139045.1	NZ_CP073236.1	WP_004131016.1	KCG39_RS00790	Klebsiella pasteurii	porin OmpA	complement(187706..188776)	species representative; ortholog by 98.6% identity to the panel allele; modal in 2/2 screened Klebsiella pasteurii genomes	1071	356	True
k_oxytoca	ompK35	ompK35|WP_004100735.1|NZ_LR134333.1|EL226_RS19195	ncbi_refseq_auto	GCF_900636985.1	NZ_LR134333.1	WP_004100735.1	EL226_RS19195	Klebsiella oxytoca NCTC 13727	porin	4012243..4013322	best match to the K. pneumoniae porin set; 93.5% to Kp OmpK35 (+19.8 over next)	1080	359	True
k_oxytoca	ompK36	ompK36|WP_016809062.1|NZ_LR134333.1|EL226_RS10155	ncbi_refseq_auto	GCF_900636985.1	NZ_LR134333.1	WP_016809062.1	EL226_RS10155	Klebsiella oxytoca NCTC 13727	porin OmpC	2085453..2086583	best match to the K. pneumoniae porin set; 92.2% to Kp OmpK36 (+10.3 over next)	1131	376	True
k_oxytoca	ompK37	ompK37|WP_004101605.1|NZ_LR134333.1|EL226_RS16805	ncbi_refseq_auto	GCF_900636985.1	NZ_LR134333.1	WP_004101605.1	EL226_RS16805	Klebsiella oxytoca NCTC 13727	porin OmpC	3516471..3517577	nifJ-region synteny as in K. pneumoniae ompK37; 88.6% to Kp OmpK37; nifJ-adjacent as in K. pneumoniae	1107	368	True
k_oxytoca	ompR	ompR|WP_001157751.1|NZ_LR134333.1|EL226_RS02845	ncbi_refseq_auto	GCF_900636985.1	NZ_LR134333.1	WP_001157751.1	EL226_RS02845	Klebsiella oxytoca NCTC 13727	osmolarity response regulator transcription factor OmpR	complement(606174..606893)	refseq_gene_name	720	239	True
k_oxytoca	ompR	ompR|WP_006177890.1|NZ_CP119320.1|P0Y63_RS23060	ncbi_refseq_auto	GCF_029202365.1	NZ_CP119320.1	WP_006177890.1	P0Y63_RS23060	Klebsiella huaxiensis	osmolarity response regulator transcription factor OmpR	complement(4822154..4822873)	species representative; ortholog by 99.6% identity to the panel allele; modal in 1/1 screened Klebsiella huaxiensis genomes	720	239	True
k_oxytoca	phoE	phoE|WP_047720329.1|NZ_LR134333.1|EL226_RS23290	ncbi_refseq_auto	GCF_900636985.1	NZ_LR134333.1	WP_047720329.1	EL226_RS23290	Klebsiella oxytoca NCTC 13727	phosphoporin PhoE	complement(4888147..4889199)	refseq_gene_name	1053	350	True
k_oxytoca	phoE	phoE|WP_004129421.1|NZ_CP055309.1|HV306_RS23625	ncbi_refseq_auto	GCF_013606065.1	NZ_CP055309.1	WP_004129421.1	HV306_RS23625	Klebsiella grimontii	phosphoporin PhoE	complement(4907832..4908884)	species representative; ortholog by 98.3% identity to the panel allele; modal in 3/3 screened Klebsiella grimontii genomes	1053	350	True
k_oxytoca	phoE	phoE|WP_182236577.1|NZ_CP119320.1|P0Y63_RS00365	ncbi_refseq_auto	GCF_029202365.1	NZ_CP119320.1	WP_182236577.1	P0Y63_RS00365	Klebsiella huaxiensis	phosphoporin PhoE	74449..75504	species representative; ortholog by 94.9% identity to the panel allele; modal in 1/1 screened Klebsiella huaxiensis genomes	1056	351	True
k_oxytoca	pmrA	pmrA|WP_004100425.1|NZ_LR134333.1|EL226_RS20015	ncbi_refseq_auto	GCF_900636985.1	NZ_LR134333.1	WP_004100425.1	EL226_RS20015	Klebsiella oxytoca NCTC 13727	two-component system response regulator PmrA	4195859..4196530	refseq_gene_name	672	223	True
k_oxytoca	pmrA	pmrA|WP_004135258.1|NZ_CP055309.1|HV306_RS20730	ncbi_refseq_auto	GCF_013606065.1	NZ_CP055309.1	WP_004135258.1	HV306_RS20730	Klebsiella grimontii	two-component system response regulator PmrA	4281093..4281764	species representative; ortholog by 98.2% identity to the panel allele; modal in 3/3 screened Klebsiella grimontii genomes	672	223	True
k_oxytoca	pmrA	pmrA|WP_304257176.1|NZ_CP119320.1|P0Y63_RS03625	ncbi_refseq_auto	GCF_029202365.1	NZ_CP119320.1	WP_304257176.1	P0Y63_RS03625	Klebsiella huaxiensis	two-component system response regulator PmrA	complement(779666..780337)	species representative; ortholog by 96.4% identity to the panel allele; modal in 1/1 screened Klebsiella huaxiensis genomes	672	223	True
k_oxytoca	pmrA	pmrA|WP_004130665.1|NZ_CP073236.1|KCG39_RS27115	ncbi_refseq_auto	GCF_018139045.1	NZ_CP073236.1	WP_004130665.1	KCG39_RS27115	Klebsiella pasteurii	two-component system response regulator PmrA	complement(5806387..5807058)	species representative; ortholog by 97.8% identity to the panel allele; modal in 2/2 screened Klebsiella pasteurii genomes	672	223	True
k_oxytoca	pmrB	pmrB|WP_004111547.1|NZ_LR134333.1|EL226_RS20020	ncbi_refseq_auto	GCF_900636985.1	NZ_LR134333.1	WP_004111547.1	EL226_RS20020	Klebsiella oxytoca NCTC 13727	two-component system sensor histidine kinase PmrB	4196535..4197632	refseq_gene_name	1098	365	True
k_oxytoca	pmrB	pmrB|WP_004135260.1|NZ_CP169721.1|ACE3MN_RS18300	ncbi_refseq_auto	GCF_042137965.1	NZ_CP169721.1	WP_004135260.1	ACE3MN_RS18300	Klebsiella grimontii	two-component system sensor histidine kinase PmrB	3888813..3889910	species representative; ortholog by 94.5% identity to the panel allele; modal in 1/3 screened Klebsiella grimontii genomes	1098	365	True
k_oxytoca	pmrB	pmrB|WP_304257174.1|NZ_CP119320.1|P0Y63_RS03620	ncbi_refseq_auto	GCF_029202365.1	NZ_CP119320.1	WP_304257174.1	P0Y63_RS03620	Klebsiella huaxiensis	two-component system sensor histidine kinase PmrB	complement(778564..779661)	species representative; ortholog by 91.5% identity to the panel allele; modal in 1/1 screened Klebsiella huaxiensis genomes	1098	365	True
k_oxytoca	pmrB	pmrB|WP_004130664.1|NZ_CP073236.1|KCG39_RS27110	ncbi_refseq_auto	GCF_018139045.1	NZ_CP073236.1	WP_004130664.1	KCG39_RS27110	Klebsiella pasteurii	two-component system sensor histidine kinase PmrB	complement(5805285..5806382)	species representative; ortholog by 93.4% identity to the panel allele; modal in 1/2 screened Klebsiella pasteurii genomes	1098	365	True
k_oxytoca	qseB	qseB|WP_004105839.1|NZ_LR134333.1|EL226_RS05110	ncbi_refseq_auto	GCF_900636985.1	NZ_LR134333.1	WP_004105839.1	EL226_RS05110	Klebsiella oxytoca NCTC 13727	quorum sensing response regulator transcription factor QseB	complement(1056629..1057288)	refseq_gene_name	660	219	True
k_oxytoca	qseB	qseB|WP_004135762.1|NZ_CP055309.1|HV306_RS03565	ncbi_refseq_auto	GCF_013606065.1	NZ_CP055309.1	WP_004135762.1	HV306_RS03565	Klebsiella grimontii	quorum sensing response regulator transcription factor QseB	complement(740641..741300)	species representative; ortholog by 95.9% identity to the panel allele; modal in 2/3 screened Klebsiella grimontii genomes	660	219	True
k_oxytoca	qseB	qseB|WP_142514373.1|NZ_CP119320.1|P0Y63_RS20185	ncbi_refseq_auto	GCF_029202365.1	NZ_CP119320.1	WP_142514373.1	P0Y63_RS20185	Klebsiella huaxiensis	quorum sensing response regulator transcription factor QseB	4223526..4224185	species representative; ortholog by 93.2% identity to the panel allele; modal in 1/1 screened Klebsiella huaxiensis genomes	660	219	True
k_oxytoca	qseB	qseB|WP_004125272.1|NZ_CP073236.1|KCG39_RS14770	ncbi_refseq_auto	GCF_018139045.1	NZ_CP073236.1	WP_004125272.1	KCG39_RS14770	Klebsiella pasteurii	quorum sensing response regulator transcription factor QseB	3153017..3153676	species representative; ortholog by 95.0% identity to the panel allele; modal in 2/2 screened Klebsiella pasteurii genomes	660	219	True
k_oxytoca	qseC	qseC|WP_017145413.1|NZ_LR134333.1|EL226_RS05105	ncbi_refseq_auto	GCF_900636985.1	NZ_LR134333.1	WP_017145413.1	EL226_RS05105	Klebsiella oxytoca NCTC 13727	quorum sensing histidine kinase QseC	complement(1055283..1056632)	refseq_gene_name	1350	449	True
k_oxytoca	qseC	qseC|WP_049087439.1|NZ_CP055309.1|HV306_RS03560	ncbi_refseq_auto	GCF_013606065.1	NZ_CP055309.1	WP_049087439.1	HV306_RS03560	Klebsiella grimontii	quorum sensing histidine kinase QseC	complement(739295..740644)	species representative; ortholog by 93.5% identity to the panel allele; modal in 2/3 screened Klebsiella grimontii genomes	1350	449	True
k_oxytoca	qseC	qseC|WP_304253644.1|NZ_CP119320.1|P0Y63_RS20190	ncbi_refseq_auto	GCF_029202365.1	NZ_CP119320.1	WP_304253644.1	P0Y63_RS20190	Klebsiella huaxiensis	quorum sensing histidine kinase QseC	4224182..4225531	species representative; ortholog by 90.9% identity to the panel allele; modal in 1/1 screened Klebsiella huaxiensis genomes	1350	449	True
k_oxytoca	qseC	qseC|WP_049113399.1|NZ_CP073236.1|KCG39_RS14775	ncbi_refseq_auto	GCF_018139045.1	NZ_CP073236.1	WP_049113399.1	KCG39_RS14775	Klebsiella pasteurii	quorum sensing histidine kinase QseC	3153673..3155022	species representative; ortholog by 93.8% identity to the panel allele; modal in 1/2 screened Klebsiella pasteurii genomes	1350	449	True
k_oxytoca	ramA	ramA|WP_004099996.1|NZ_LR134333.1|EL226_RS21445	ncbi_refseq_auto	GCF_900636985.1	NZ_LR134333.1	WP_004099996.1	EL226_RS21445	Klebsiella oxytoca NCTC 13727	RamA family antibiotic efflux transcriptional regulator	complement(4494452..4494793)	refseq_product=RamA family antibiotic efflux transcriptional regulator	342	113	True
k_oxytoca	soxR	soxR|WP_004109476.1|NZ_LR134333.1|EL226_RS27415	ncbi_refseq_auto	GCF_900636985.1	NZ_LR134333.1	WP_004109476.1	EL226_RS27415	Klebsiella oxytoca NCTC 13727	redox-sensitive transcriptional activator SoxR	complement(5771836..5772294)	refseq_gene_name	459	152	True
k_oxytoca	soxR	soxR|WP_004097815.1|NZ_CP055309.1|HV306_RS27675	ncbi_refseq_auto	GCF_013606065.1	NZ_CP055309.1	WP_004097815.1	HV306_RS27675	Klebsiella grimontii	redox-sensitive transcriptional activator SoxR	complement(5768741..5769199)	species representative; ortholog by 99.3% identity to the panel allele; modal in 3/3 screened Klebsiella grimontii genomes	459	152	True
k_oxytoca	soxR	soxR|WP_110274561.1|NZ_CP119320.1|P0Y63_RS26410	ncbi_refseq_auto	GCF_029202365.1	NZ_CP119320.1	WP_110274561.1	P0Y63_RS26410	Klebsiella huaxiensis	redox-sensitive transcriptional activator SoxR	5531492..5531950	species representative; ortholog by 98.7% identity to the panel allele; modal in 1/1 screened Klebsiella huaxiensis genomes	459	152	True
k_oxytoca	soxS	soxS|WP_004109478.1|NZ_LR134333.1|EL226_RS27420	ncbi_refseq_auto	GCF_900636985.1	NZ_LR134333.1	WP_004109478.1	EL226_RS27420	Klebsiella oxytoca NCTC 13727	superoxide response transcriptional regulator SoxS	5772379..5772708	refseq_gene_name	330	109	True
k_oxytoca	soxS	soxS|WP_004097813.1|NZ_CP055309.1|HV306_RS27680	ncbi_refseq_auto	GCF_013606065.1	NZ_CP055309.1	WP_004097813.1	HV306_RS27680	Klebsiella grimontii	superoxide response transcriptional regulator SoxS	5769284..5769613	species representative; ortholog by 97.2% identity to the panel allele; modal in 3/3 screened Klebsiella grimontii genomes	330	109	True
k_oxytoca	soxS	soxS|WP_110274562.1|NZ_CP119320.1|P0Y63_RS26405	ncbi_refseq_auto	GCF_029202365.1	NZ_CP119320.1	WP_110274562.1	P0Y63_RS26405	Klebsiella huaxiensis	superoxide response transcriptional regulator SoxS	complement(5531078..5531407)	species representative; ortholog by 96.3% identity to the panel allele; modal in 1/1 screened Klebsiella huaxiensis genomes	330	109	True
k_oxytoca	tolC	tolC|WP_004105860.1|NZ_LR134333.1|EL226_RS05065	ncbi_refseq_auto	GCF_900636985.1	NZ_LR134333.1	WP_004105860.1	EL226_RS05065	Klebsiella oxytoca NCTC 13727	outer membrane channel protein TolC	complement(1048099..1049547)	refseq_gene_name	1449	482	True
k_oxytoca	tolC	tolC|WP_024358679.1|NZ_CP055309.1|HV306_RS03500	ncbi_refseq_auto	GCF_013606065.1	NZ_CP055309.1	WP_024358679.1	HV306_RS03500	Klebsiella grimontii	outer membrane channel protein TolC	complement(726673..728121)	species representative; ortholog by 96.7% identity to the panel allele; modal in 2/3 screened Klebsiella grimontii genomes	1449	482	True
k_oxytoca	tolC	tolC|WP_304253649.1|NZ_CP119320.1|P0Y63_RS20230	ncbi_refseq_auto	GCF_029202365.1	NZ_CP119320.1	WP_304253649.1	P0Y63_RS20230	Klebsiella huaxiensis	outer membrane channel protein TolC	4231277..4232731	species representative; ortholog by 97.1% identity to the panel allele; modal in 1/1 screened Klebsiella huaxiensis genomes	1455	484	True
k_oxytoca	tolC	tolC|WP_004125302.1|NZ_CP073236.1|KCG39_RS14815	ncbi_refseq_auto	GCF_018139045.1	NZ_CP073236.1	WP_004125302.1	KCG39_RS14815	Klebsiella pasteurii	outer membrane channel protein TolC	3160757..3162205	species representative; ortholog by 96.3% identity to the panel allele; modal in 1/2 screened Klebsiella pasteurii genomes	1449	482	True
k_oxytoca	tonB	tonB|WP_016808819.1|NZ_LR134333.1|EL226_RS12790	ncbi_refseq_auto	GCF_900636985.1	NZ_LR134333.1	WP_016808819.1	EL226_RS12790	Klebsiella oxytoca NCTC 13727	TonB system transport protein TonB	2685401..2686138	refseq_gene_name	738	245	True
k_oxytoca	tonB	tonB|WP_217993227.1|NZ_CP169721.1|ACE3MN_RS10850	ncbi_refseq_auto	GCF_042137965.1	NZ_CP169721.1	WP_217993227.1	ACE3MN_RS10850	Klebsiella grimontii	TonB system transport protein TonB	2291351..2292079	species representative; ortholog by 94.6% identity to the panel allele; modal in 1/3 screened Klebsiella grimontii genomes	729	242	True
k_oxytoca	tonB	tonB|WP_112213402.1|NZ_CP119320.1|P0Y63_RS11870	ncbi_refseq_auto	GCF_029202365.1	NZ_CP119320.1	WP_112213402.1	P0Y63_RS11870	Klebsiella huaxiensis	TonB system transport protein TonB	complement(2466912..2467637)	species representative; ortholog by 95.4% identity to the panel allele; modal in 1/1 screened Klebsiella huaxiensis genomes	726	241	True
k_oxytoca	tonB	tonB|WP_004121685.1|NZ_CP073236.1|KCG39_RS07540	ncbi_refseq_auto	GCF_018139045.1	NZ_CP073236.1	WP_004121685.1	KCG39_RS07540	Klebsiella pasteurii	TonB system transport protein TonB	complement(1592673..1593401)	species representative; ortholog by 95.0% identity to the panel allele; modal in 1/2 screened Klebsiella pasteurii genomes	729	242	True
k_oxytoca	ugd	ugd|WP_004103677.1|NZ_LR134333.1|EL226_RS11035	ncbi_refseq_auto	GCF_900636985.1	NZ_LR134333.1	WP_004103677.1	EL226_RS11035	Klebsiella oxytoca NCTC 13727	UDP-glucose 6-dehydrogenase	2305406..2306572	refseq_gene_name	1167	388	True
k_oxytoca	ugd	ugd|WP_004122472.1|NZ_CP055309.1|HV306_RS10275	ncbi_refseq_auto	GCF_013606065.1	NZ_CP055309.1	WP_004122472.1	HV306_RS10275	Klebsiella grimontii	UDP-glucose 6-dehydrogenase	2131150..2132316	species representative; ortholog by 99.5% identity to the panel allele; modal in 2/3 screened Klebsiella grimontii genomes	1167	388	True
k_oxytoca	ugd	ugd|WP_182207294.1|NZ_CP119320.1|P0Y63_RS13940	ncbi_refseq_auto	GCF_029202365.1	NZ_CP119320.1	WP_182207294.1	P0Y63_RS13940	Klebsiella huaxiensis	UDP-glucose 6-dehydrogenase	complement(2896261..2897427)	species representative; ortholog by 99.0% identity to the panel allele; modal in 1/1 screened Klebsiella huaxiensis genomes	1167	388	True
k_oxytoca	ugd	ugd|WP_112167161.1|NZ_CP073236.1|KCG39_RS09370	ncbi_refseq_auto	GCF_018139045.1	NZ_CP073236.1	WP_112167161.1	KCG39_RS09370	Klebsiella pasteurii	UDP-glucose 6-dehydrogenase	complement(1990187..1991353)	species representative; ortholog by 99.2% identity to the panel allele; modal in 1/2 screened Klebsiella pasteurii genomes	1167	388	True
k_pneumoniae	acrA	acrA|WP_004147376.1|NZ_CP040993.1|FIU12_RS12635	ncbi_refseq_auto	GCF_006364295.1	NZ_CP040993.1	WP_004147376.1	FIU12_RS12635	Klebsiella pneumoniae FDAARGOS_775	multidrug efflux RND transporter periplasmic adaptor subunit AcrA	complement(2541484..2542677)	refseq_gene_name	1194	397	True
k_pneumoniae	acrA	acrA|WP_023288645.1|NZ_CP083633.1|LA349_RS18835	ncbi_refseq_auto	GCF_020099175.1	NZ_CP083633.1	WP_023288645.1	LA349_RS18835	Klebsiella quasipneumoniae	multidrug efflux RND transporter periplasmic adaptor subunit AcrA	complement(3925762..3926955)	species representative; ortholog by 99.0% identity to the panel allele; modal in 3/3 screened Klebsiella quasipneumoniae genomes	1194	397	True
k_pneumoniae	acrA	acrA|WP_040973691.1|NZ_CP010523.2|SP68_RS19730	ncbi_refseq_auto	GCF_000828055.2	NZ_CP010523.2	WP_040973691.1	SP68_RS19730	Klebsiella variicola	multidrug efflux RND transporter periplasmic adaptor subunit AcrA	4210579..4211772	species representative; ortholog by 98.7% identity to the panel allele; modal in 3/4 screened Klebsiella variicola genomes	1194	397	True
k_pneumoniae	acrB	acrB|WP_004147373.1|NZ_CP040993.1|FIU12_RS12630	ncbi_refseq_auto	GCF_006364295.1	NZ_CP040993.1	WP_004147373.1	FIU12_RS12630	Klebsiella pneumoniae FDAARGOS_775	multidrug efflux RND transporter permease subunit AcrB	complement(2538315..2541461)	refseq_gene_name	3147	1048	True
k_pneumoniae	acrB	acrB|WP_044521296.1|NZ_CP083633.1|LA349_RS18830	ncbi_refseq_auto	GCF_020099175.1	NZ_CP083633.1	WP_044521296.1	LA349_RS18830	Klebsiella quasipneumoniae	multidrug efflux RND transporter permease subunit AcrB	complement(3922593..3925739)	species representative; ortholog by 99.0% identity to the panel allele; modal in 2/3 screened Klebsiella quasipneumoniae genomes	3147	1048	True
k_pneumoniae	acrB	acrB|WP_008805437.1|NZ_CP010523.2|SP68_RS19735	ncbi_refseq_auto	GCF_000828055.2	NZ_CP010523.2	WP_008805437.1	SP68_RS19735	Klebsiella variicola	multidrug efflux RND transporter permease subunit AcrB	4211795..4214941	species representative; ortholog by 99.6% identity to the panel allele; modal in 4/4 screened Klebsiella variicola genomes	3147	1048	True
k_pneumoniae	acrD	acrD|WP_032443970.1|NZ_CP040993.1|FIU12_RS24890	ncbi_refseq_auto	GCF_006364295.1	NZ_CP040993.1	WP_032443970.1	FIU12_RS24890	Klebsiella pneumoniae FDAARGOS_775	multidrug efflux RND transporter permease AcrD	5104596..5107709	refseq_gene_name	3114	1037	True
k_pneumoniae	acrD	acrD|WP_044524325.1|NZ_CP083633.1|LA349_RS06025	ncbi_refseq_auto	GCF_020099175.1	NZ_CP083633.1	WP_044524325.1	LA349_RS06025	Klebsiella quasipneumoniae	multidrug efflux RND transporter permease AcrD	1264457..1267570	species representative; ortholog by 99.0% identity to the panel allele; modal in 2/3 screened Klebsiella quasipneumoniae genomes	3114	1037	True
k_pneumoniae	acrD	acrD|WP_022064634.1|NZ_CP010523.2|SP68_RS06620	ncbi_refseq_auto	GCF_000828055.2	NZ_CP010523.2	WP_022064634.1	SP68_RS06620	Klebsiella variicola	multidrug efflux RND transporter permease AcrD	complement(1384719..1387832)	species representative; ortholog by 99.0% identity to the panel allele; modal in 3/4 screened Klebsiella variicola genomes	3114	1037	True
k_pneumoniae	acrR	acrR|WP_002892080.1|NZ_CP040993.1|FIU12_RS12640	ncbi_refseq_auto	GCF_006364295.1	NZ_CP040993.1	WP_002892080.1	FIU12_RS12640	Klebsiella pneumoniae FDAARGOS_775	multidrug efflux transporter transcriptional repressor AcrR	2542820..2543470	refseq_gene_name	651	216	True
k_pneumoniae	acrR	acrR|WP_023288646.1|NZ_CP083633.1|LA349_RS18840	ncbi_refseq_auto	GCF_020099175.1	NZ_CP083633.1	WP_023288646.1	LA349_RS18840	Klebsiella quasipneumoniae	multidrug efflux transporter transcriptional repressor AcrR	3927098..3927748	species representative; ortholog by 98.6% identity to the panel allele; modal in 3/3 screened Klebsiella quasipneumoniae genomes	651	216	True
k_pneumoniae	acrR	acrR|WP_008805439.1|NZ_CP010523.2|SP68_RS19725	ncbi_refseq_auto	GCF_000828055.2	NZ_CP010523.2	WP_008805439.1	SP68_RS19725	Klebsiella variicola	multidrug efflux transporter transcriptional repressor AcrR	complement(4209786..4210436)	species representative; ortholog by 99.5% identity to the panel allele; modal in 4/4 screened Klebsiella variicola genomes	651	216	True
k_pneumoniae	ampD	ampD|WP_002888692.1|NZ_CP040993.1|FIU12_RS10780	ncbi_refseq_auto	GCF_006364295.1	NZ_CP040993.1	WP_002888692.1	FIU12_RS10780	Klebsiella pneumoniae FDAARGOS_775	1,6-anhydro-N-acetylmuramyl-L-alanine amidase AmpD	2167950..2168513	refseq_gene_name	564	187	True
k_pneumoniae	ampD	ampD|WP_023291992.1|NZ_CP083633.1|LA349_RS17115	ncbi_refseq_auto	GCF_020099175.1	NZ_CP083633.1	WP_023291992.1	LA349_RS17115	Klebsiella quasipneumoniae	1,6-anhydro-N-acetylmuramyl-L-alanine amidase AmpD	3567912..3568475	species representative; ortholog by 95.7% identity to the panel allele; modal in 3/3 screened Klebsiella quasipneumoniae genomes	564	187	True
k_pneumoniae	ampD	ampD|WP_012968932.1|NZ_CP010523.2|SP68_RS21400	ncbi_refseq_auto	GCF_000828055.2	NZ_CP010523.2	WP_012968932.1	SP68_RS21400	Klebsiella variicola	1,6-anhydro-N-acetylmuramyl-L-alanine amidase AmpD	complement(4565983..4566546)	species representative; ortholog by 95.7% identity to the panel allele; modal in 3/4 screened Klebsiella variicola genomes	564	187	True
k_pneumoniae	ampG	ampG|WP_004144673.1|NZ_CP040993.1|FIU12_RS12375	ncbi_refseq_auto	GCF_006364295.1	NZ_CP040993.1	WP_004144673.1	FIU12_RS12375	Klebsiella pneumoniae FDAARGOS_775	muropeptide MFS transporter AmpG	complement(2489165..2490640)	refseq_gene_name	1476	491	True
k_pneumoniae	ampG	ampG|WP_032453853.1|NZ_CP083633.1|LA349_RS18580	ncbi_refseq_auto	GCF_020099175.1	NZ_CP083633.1	WP_032453853.1	LA349_RS18580	Klebsiella quasipneumoniae	muropeptide MFS transporter AmpG	complement(3873407..3874882)	species representative; ortholog by 97.8% identity to the panel allele; modal in 3/3 screened Klebsiella quasipneumoniae genomes	1476	491	True
k_pneumoniae	ampG	ampG|WP_012542689.1|NZ_CP010523.2|SP68_RS19980	ncbi_refseq_auto	GCF_000828055.2	NZ_CP010523.2	WP_012542689.1	SP68_RS19980	Klebsiella variicola	muropeptide MFS transporter AmpG	4262639..4264114	species representative; ortholog by 98.2% identity to the panel allele; modal in 3/4 screened Klebsiella variicola genomes	1476	491	True
k_pneumoniae	arnA	arnA|WP_004150093.1|NZ_CP040993.1|FIU12_RS04950	ncbi_refseq_auto	GCF_006364295.1	NZ_CP040993.1	WP_004150093.1	FIU12_RS04950	Klebsiella pneumoniae FDAARGOS_775	bifunctional UDP-4-amino-4-deoxy-L-arabinose formyltransferase/UDP-glucuronic acid oxidase ArnA	complement(940899..942884)	refseq_gene_name	1986	661	True
k_pneumoniae	arnA	arnA|WP_044524987.1|NZ_CP083633.1|LA349_RS11505	ncbi_refseq_auto	GCF_020099175.1	NZ_CP083633.1	WP_044524987.1	LA349_RS11505	Klebsiella quasipneumoniae	bifunctional UDP-4-amino-4-deoxy-L-arabinose formyltransferase/UDP-glucuronic acid oxidase ArnA	complement(2345402..2347387)	species representative; ortholog by 97.1% identity to the panel allele; modal in 2/3 screened Klebsiella quasipneumoniae genomes	1986	661	True
k_pneumoniae	arnA	arnA|WP_040968931.1|NZ_CP010523.2|SP68_RS01330	ncbi_refseq_auto	GCF_000828055.2	NZ_CP010523.2	WP_040968931.1	SP68_RS01330	Klebsiella variicola	bifunctional UDP-4-amino-4-deoxy-L-arabinose formyltransferase/UDP-glucuronic acid oxidase ArnA	297585..299570	species representative; ortholog by 97.6% identity to the panel allele; modal in 3/4 screened Klebsiella variicola genomes	1986	661	True
k_pneumoniae	arnB	arnB|WP_002921037.1|NZ_CP040993.1|FIU12_RS04960	ncbi_refseq_auto	GCF_006364295.1	NZ_CP040993.1	WP_002921037.1	FIU12_RS04960	Klebsiella pneumoniae FDAARGOS_775	UDP-4-amino-4-deoxy-L-arabinose aminotransferase	complement(943866..945005)	refseq_gene_name	1140	379	True
k_pneumoniae	arnB	arnB|WP_044524989.1|NZ_CP083633.1|LA349_RS11515	ncbi_refseq_auto	GCF_020099175.1	NZ_CP083633.1	WP_044524989.1	LA349_RS11515	Klebsiella quasipneumoniae	UDP-4-amino-4-deoxy-L-arabinose aminotransferase	complement(2348369..2349508)	species representative; ortholog by 96.8% identity to the panel allele; modal in 2/3 screened Klebsiella quasipneumoniae genomes	1140	379	True
k_pneumoniae	arnB	arnB|WP_012540377.1|NZ_CP010523.2|SP68_RS01320	ncbi_refseq_auto	GCF_000828055.2	NZ_CP010523.2	WP_012540377.1	SP68_RS01320	Klebsiella variicola	UDP-4-amino-4-deoxy-L-arabinose aminotransferase	295464..296603	species representative; ortholog by 98.7% identity to the panel allele; modal in 4/4 screened Klebsiella variicola genomes	1140	379	True
k_pneumoniae	arnC	arnC|WP_002921035.1|NZ_CP040993.1|FIU12_RS04955	ncbi_refseq_auto	GCF_006364295.1	NZ_CP040993.1	WP_002921035.1	FIU12_RS04955	Klebsiella pneumoniae FDAARGOS_775	undecaprenyl-phosphate 4-deoxy-4-formamido-L-arabinose transferase	complement(942881..943864)	refseq_gene_name	984	327	True
k_pneumoniae	arnC	arnC|WP_044524988.1|NZ_CP083633.1|LA349_RS11510	ncbi_refseq_auto	GCF_020099175.1	NZ_CP083633.1	WP_044524988.1	LA349_RS11510	Klebsiella quasipneumoniae	undecaprenyl-phosphate 4-deoxy-4-formamido-L-arabinose transferase	complement(2347384..2348367)	species representative; ortholog by 98.8% identity to the panel allele; modal in 2/3 screened Klebsiella quasipneumoniae genomes	984	327	True
k_pneumoniae	arnC	arnC|WP_008806952.1|NZ_CP010523.2|SP68_RS01325	ncbi_refseq_auto	GCF_000828055.2	NZ_CP010523.2	WP_008806952.1	SP68_RS01325	Klebsiella variicola	undecaprenyl-phosphate 4-deoxy-4-formamido-L-arabinose transferase	296605..297588	species representative; ortholog by 98.8% identity to the panel allele; modal in 4/4 screened Klebsiella variicola genomes	984	327	True
k_pneumoniae	arnD	arnD|WP_004188275.1|NZ_CP040993.1|FIU12_RS04945	ncbi_refseq_auto	GCF_006364295.1	NZ_CP040993.1	WP_004188275.1	FIU12_RS04945	Klebsiella pneumoniae FDAARGOS_775	4-deoxy-4-formamido-L-arabinose-phosphoundecaprenol deformylase	complement(940000..940902)	refseq_gene_name	903	300	True
k_pneumoniae	arnD	arnD|WP_044524986.1|NZ_CP083633.1|LA349_RS11500	ncbi_refseq_auto	GCF_020099175.1	NZ_CP083633.1	WP_044524986.1	LA349_RS11500	Klebsiella quasipneumoniae	4-deoxy-4-formamido-L-arabinose-phosphoundecaprenol deformylase	complement(2344503..2345405)	species representative; ortholog by 98.0% identity to the panel allele; modal in 2/3 screened Klebsiella quasipneumoniae genomes	903	300	True
k_pneumoniae	arnD	arnD|WP_008806954.1|NZ_CP010523.2|SP68_RS01335	ncbi_refseq_auto	GCF_000828055.2	NZ_CP010523.2	WP_008806954.1	SP68_RS01335	Klebsiella variicola	4-deoxy-4-formamido-L-arabinose-phosphoundecaprenol deformylase	299567..300469	species representative; ortholog by 98.3% identity to the panel allele; modal in 4/4 screened Klebsiella variicola genomes	903	300	True
k_pneumoniae	arnE	arnE|WP_002920864.1|NZ_CP040993.1|FIU12_RS04935	ncbi_refseq_auto	GCF_006364295.1	NZ_CP040993.1	WP_002920864.1	FIU12_RS04935	Klebsiella pneumoniae FDAARGOS_775	4-amino-4-deoxy-L-arabinose-phosphoundecaprenol flippase subunit ArnE	complement(938010..938348)	refseq_gene_name	339	112	True
k_pneumoniae	arnE	arnE|WP_023291259.1|NZ_CP083633.1|LA349_RS11490	ncbi_refseq_auto	GCF_020099175.1	NZ_CP083633.1	WP_023291259.1	LA349_RS11490	Klebsiella quasipneumoniae	4-amino-4-deoxy-L-arabinose-phosphoundecaprenol flippase subunit ArnE	complement(2342513..2342851)	species representative; ortholog by 97.3% identity to the panel allele; modal in 3/3 screened Klebsiella quasipneumoniae genomes	339	112	True
k_pneumoniae	arnE	arnE|WP_008806956.1|NZ_CP010523.2|SP68_RS01345	ncbi_refseq_auto	GCF_000828055.2	NZ_CP010523.2	WP_008806956.1	SP68_RS01345	Klebsiella variicola	4-amino-4-deoxy-L-arabinose-phosphoundecaprenol flippase subunit ArnE	302121..302459	species representative; ortholog by 99.1% identity to the panel allele; modal in 4/4 screened Klebsiella variicola genomes	339	112	True
k_pneumoniae	arnF	arnF|WP_002920863.1|NZ_CP040993.1|FIU12_RS04930	ncbi_refseq_auto	GCF_006364295.1	NZ_CP040993.1	WP_002920863.1	FIU12_RS04930	Klebsiella pneumoniae FDAARGOS_775	4-amino-4-deoxy-L-arabinose-phosphoundecaprenol flippase subunit ArnF	complement(937630..938010)	refseq_gene_name	381	126	True
k_pneumoniae	arnF	arnF|WP_032454284.1|NZ_CP083633.1|LA349_RS11485	ncbi_refseq_auto	GCF_020099175.1	NZ_CP083633.1	WP_032454284.1	LA349_RS11485	Klebsiella quasipneumoniae	4-amino-4-deoxy-L-arabinose-phosphoundecaprenol flippase subunit ArnF	complement(2342133..2342513)	species representative; ortholog by 94.4% identity to the panel allele; modal in 3/3 screened Klebsiella quasipneumoniae genomes	381	126	True
k_pneumoniae	arnF	arnF|WP_008806957.1|NZ_CP010523.2|SP68_RS01350	ncbi_refseq_auto	GCF_000828055.2	NZ_CP010523.2	WP_008806957.1	SP68_RS01350	Klebsiella variicola	4-amino-4-deoxy-L-arabinose-phosphoundecaprenol flippase subunit ArnF	302459..302839	species representative; ortholog by 97.6% identity to the panel allele; modal in 4/4 screened Klebsiella variicola genomes	381	126	True
k_pneumoniae	arnT	arnT|WP_021469880.1|NZ_CP040993.1|FIU12_RS04940	ncbi_refseq_auto	GCF_006364295.1	NZ_CP040993.1	WP_021469880.1	FIU12_RS04940	Klebsiella pneumoniae FDAARGOS_775	lipid IV(A) 4-amino-4-deoxy-L-arabinosyltransferase	complement(938345..940000)	refseq_gene_name	1656	551	True
k_pneumoniae	arnT	arnT|WP_023291260.1|NZ_CP083633.1|LA349_RS11495	ncbi_refseq_auto	GCF_020099175.1	NZ_CP083633.1	WP_023291260.1	LA349_RS11495	Klebsiella quasipneumoniae	lipid IV(A) 4-amino-4-deoxy-L-arabinosyltransferase	complement(2342848..2344503)	species representative; ortholog by 97.6% identity to the panel allele; modal in 2/3 screened Klebsiella quasipneumoniae genomes	1656	551	True
k_pneumoniae	arnT	arnT|WP_016161920.1|NZ_CP010523.2|SP68_RS01340	ncbi_refseq_auto	GCF_000828055.2	NZ_CP010523.2	WP_016161920.1	SP68_RS01340	Klebsiella variicola	lipid IV(A) 4-amino-4-deoxy-L-arabinosyltransferase	300469..302124	species representative; ortholog by 98.0% identity to the panel allele; modal in 4/4 screened Klebsiella variicola genomes	1656	551	True
k_pneumoniae	cirA	cirA|WP_032443975.1|NZ_CP040993.1|FIU12_RS23815	ncbi_refseq_auto	GCF_006364295.1	NZ_CP040993.1	WP_032443975.1	FIU12_RS23815	Klebsiella pneumoniae FDAARGOS_775	catecholate siderophore receptor CirA	complement(4876930..4878903)	refseq_gene_name	1974	657	True
k_pneumoniae	cirA	cirA|WP_023290446.1|NZ_CP083633.1|LA349_RS04950	ncbi_refseq_auto	GCF_020099175.1	NZ_CP083633.1	WP_023290446.1	LA349_RS04950	Klebsiella quasipneumoniae	catecholate siderophore receptor CirA	complement(1027408..1029381)	species representative; ortholog by 98.0% identity to the panel allele; modal in 3/3 screened Klebsiella quasipneumoniae genomes	1974	657	True
k_pneumoniae	cirA	cirA|WP_016161549.1|NZ_CP010523.2|SP68_RS07800	ncbi_refseq_auto	GCF_000828055.2	NZ_CP010523.2	WP_016161549.1	SP68_RS07800	Klebsiella variicola	catecholate siderophore receptor CirA	1637158..1639131	species representative; ortholog by 98.0% identity to the panel allele; modal in 3/4 screened Klebsiella variicola genomes	1974	657	True
k_pneumoniae	dacB	dacB|WP_004149937.1|NZ_CP040993.1|FIU12_RS03595	ncbi_refseq_auto	GCF_006364295.1	NZ_CP040993.1	WP_004149937.1	FIU12_RS03595	Klebsiella pneumoniae FDAARGOS_775	serine-type D-Ala-D-Ala carboxypeptidase	687118..688551	refseq_gene_name	1434	477	True
k_pneumoniae	dacB	dacB|WP_023291122.1|NZ_CP083633.1|LA349_RS10140	ncbi_refseq_auto	GCF_020099175.1	NZ_CP083633.1	WP_023291122.1	LA349_RS10140	Klebsiella quasipneumoniae	serine-type D-Ala-D-Ala carboxypeptidase	2083836..2085269	species representative; ortholog by 98.7% identity to the panel allele; modal in 3/3 screened Klebsiella quasipneumoniae genomes	1434	477	True
k_pneumoniae	dacB	dacB|WP_008806640.1|NZ_CP010523.2|SP68_RS02590	ncbi_refseq_auto	GCF_000828055.2	NZ_CP010523.2	WP_008806640.1	SP68_RS02590	Klebsiella variicola	serine-type D-Ala-D-Ala carboxypeptidase	complement(545885..547318)	species representative; ortholog by 99.0% identity to the panel allele; modal in 4/4 screened Klebsiella variicola genomes	1434	477	True
k_pneumoniae	emrA	emrA|WP_025862145.1|NZ_CP040993.1|FIU12_RS00440	ncbi_refseq_auto	GCF_006364295.1	NZ_CP040993.1	WP_025862145.1	FIU12_RS00440	Klebsiella pneumoniae FDAARGOS_775	multidrug efflux MFS transporter periplasmic adaptor subunit EmrA	50464..51636	refseq_gene_name	1173	390	True
k_pneumoniae	emrA	emrA|WP_004205697.1|NZ_CP083633.1|LA349_RS07125	ncbi_refseq_auto	GCF_020099175.1	NZ_CP083633.1	WP_004205697.1	LA349_RS07125	Klebsiella quasipneumoniae	multidrug efflux MFS transporter periplasmic adaptor subunit EmrA	1495161..1496333	species representative; ortholog by 99.0% identity to the panel allele; modal in 3/3 screened Klebsiella quasipneumoniae genomes	1173	390	True
k_pneumoniae	emrA	emrA|WP_008806144.1|NZ_CP010523.2|SP68_RS05480	ncbi_refseq_auto	GCF_000828055.2	NZ_CP010523.2	WP_008806144.1	SP68_RS05480	Klebsiella variicola	multidrug efflux MFS transporter periplasmic adaptor subunit EmrA	complement(1145029..1146201)	species representative; ortholog by 98.7% identity to the panel allele; modal in 4/4 screened Klebsiella variicola genomes	1173	390	True
k_pneumoniae	emrB	emrB|WP_002914342.1|NZ_CP040993.1|FIU12_RS00445	ncbi_refseq_auto	GCF_006364295.1	NZ_CP040993.1	WP_002914342.1	FIU12_RS00445	Klebsiella pneumoniae FDAARGOS_775	multidrug efflux MFS transporter permease subunit EmrB	51652..53190	refseq_gene_name	1539	512	True
k_pneumoniae	emrB	emrB|WP_008806145.1|NZ_CP010523.2|SP68_RS05475	ncbi_refseq_auto	GCF_000828055.2	NZ_CP010523.2	WP_008806145.1	SP68_RS05475	Klebsiella variicola	multidrug efflux MFS transporter permease subunit EmrB	complement(1143475..1145013)	species representative; ortholog by 97.7% identity to the panel allele; modal in 4/4 screened Klebsiella variicola genomes	1539	512	True
k_pneumoniae	emrR	emrR|WP_002914337.1|NZ_CP040993.1|FIU12_RS00435	ncbi_refseq_auto	GCF_006364295.1	NZ_CP040993.1	WP_002914337.1	FIU12_RS00435	Klebsiella pneumoniae FDAARGOS_775	transcriptional repressor MprA	49808..50338	refseq_gene_name	531	176	True
k_pneumoniae	envZ	envZ|WP_002920333.1|NZ_CP040993.1|FIU12_RS04595	ncbi_refseq_auto	GCF_006364295.1	NZ_CP040993.1	WP_002920333.1	FIU12_RS04595	Klebsiella pneumoniae FDAARGOS_775	two-component system sensor histidine kinase EnvZ	complement(862142..863497)	refseq_gene_name	1356	451	True
k_pneumoniae	envZ	envZ|WP_044524966.1|NZ_CP083633.1|LA349_RS11070	ncbi_refseq_auto	GCF_020099175.1	NZ_CP083633.1	WP_044524966.1	LA349_RS11070	Klebsiella quasipneumoniae	two-component system sensor histidine kinase EnvZ	complement(2250651..2252006)	species representative; ortholog by 99.1% identity to the panel allele; modal in 2/3 screened Klebsiella quasipneumoniae genomes	1356	451	True
k_pneumoniae	envZ	envZ|WP_008807005.1|NZ_CP010523.2|SP68_RS01685	ncbi_refseq_auto	GCF_000828055.2	NZ_CP010523.2	WP_008807005.1	SP68_RS01685	Klebsiella variicola	two-component system sensor histidine kinase EnvZ	378790..380145	species representative; ortholog by 99.6% identity to the panel allele; modal in 4/4 screened Klebsiella variicola genomes	1356	451	True
k_pneumoniae	eptA	eptA|WP_004147681.1|NZ_CP040993.1|FIU12_RS14550	ncbi_refseq_auto	GCF_006364295.1	NZ_CP040993.1	WP_004147681.1	FIU12_RS14550	Klebsiella pneumoniae FDAARGOS_775	phosphoethanolamine transferase EptA	complement(2945562..2947202)	refseq_gene_name	1641	546	True
k_pneumoniae	eptA	eptA|WP_044521791.1|NZ_CP083633.1|LA349_RS20890	ncbi_refseq_auto	GCF_020099175.1	NZ_CP083633.1	WP_044521791.1	LA349_RS20890	Klebsiella quasipneumoniae	phosphoethanolamine transferase EptA	complement(4361060..4362700)	species representative; ortholog by 92.5% identity to the panel allele; modal in 2/3 screened Klebsiella quasipneumoniae genomes	1641	546	True
k_pneumoniae	eptA	eptA|WP_012542393.1|NZ_CP010523.2|SP68_RS17830	ncbi_refseq_auto	GCF_000828055.2	NZ_CP010523.2	WP_012542393.1	SP68_RS17830	Klebsiella variicola	phosphoethanolamine transferase EptA	3805209..3806849	species representative; ortholog by 93.2% identity to the panel allele; modal in 3/4 screened Klebsiella variicola genomes	1641	546	True
k_pneumoniae	exbB	exbB|WP_004174395.1|NZ_CP040993.1|FIU12_RS02735	ncbi_refseq_auto	GCF_006364295.1	NZ_CP040993.1	WP_004174395.1	FIU12_RS02735	Klebsiella pneumoniae FDAARGOS_775	tol-pal system-associated acyl-CoA thioesterase	complement(516953..517684)	refseq_gene_name	732	243	True
k_pneumoniae	exbD	exbD|WP_002916785.1|NZ_CP040993.1|FIU12_RS02730	ncbi_refseq_auto	GCF_006364295.1	NZ_CP040993.1	WP_002916785.1	FIU12_RS02730	Klebsiella pneumoniae FDAARGOS_775	TonB system transport protein ExbD	complement(516521..516946)	refseq_gene_name	426	141	True
k_pneumoniae	exbD	exbD|WP_012967219.1|NZ_CP010523.2|SP68_RS03520	ncbi_refseq_auto	GCF_000828055.2	NZ_CP010523.2	WP_012967219.1	SP68_RS03520	Klebsiella variicola	TonB system transport protein ExbD	739006..739431	species representative; ortholog by 99.3% identity to the panel allele; modal in 4/4 screened Klebsiella variicola genomes	426	141	True
k_pneumoniae	fepA	fepA|WP_032443809.1|NZ_CP040993.1|FIU12_RS13495	ncbi_refseq_auto	GCF_006364295.1	NZ_CP040993.1	WP_032443809.1	FIU12_RS13495	Klebsiella pneumoniae FDAARGOS_775	siderophore enterobactin receptor FepA	complement(2732489..2734717)	refseq_gene_name	2229	742	True
k_pneumoniae	fepA	fepA|WP_044521538.1|NZ_CP083633.1|LA349_RS19840	ncbi_refseq_auto	GCF_020099175.1	NZ_CP083633.1	WP_044521538.1	LA349_RS19840	Klebsiella quasipneumoniae	siderophore enterobactin receptor FepA	complement(4143944..4146172)	species representative; ortholog by 98.7% identity to the panel allele; modal in 2/3 screened Klebsiella quasipneumoniae genomes	2229	742	True
k_pneumoniae	fepA	fepA|WP_022065110.1|NZ_CP010523.2|SP68_RS18870	ncbi_refseq_auto	GCF_000828055.2	NZ_CP010523.2	WP_022065110.1	SP68_RS18870	Klebsiella variicola	siderophore enterobactin receptor FepA	4020953..4023181	species representative; ortholog by 98.9% identity to the panel allele; modal in 3/4 screened Klebsiella variicola genomes	2229	742	True
k_pneumoniae	fhuA	fhuA|WP_004178624.1|NZ_CP040993.1|FIU12_RS11055	ncbi_refseq_auto	GCF_006364295.1	NZ_CP040993.1	WP_004178624.1	FIU12_RS11055	Klebsiella pneumoniae FDAARGOS_775	ferrichrome porin FhuA	2231224..2233431	refseq_gene_name	2208	735	True
k_pneumoniae	fhuA	fhuA|WP_023292033.1|NZ_CP083633.1|LA349_RS17400	ncbi_refseq_auto	GCF_020099175.1	NZ_CP083633.1	WP_023292033.1	LA349_RS17400	Klebsiella quasipneumoniae	ferrichrome porin FhuA	3631368..3633575	species representative; ortholog by 99.3% identity to the panel allele; modal in 2/3 screened Klebsiella quasipneumoniae genomes	2208	735	True
k_pneumoniae	fhuA	fhuA|WP_022065534.1|NZ_CP010523.2|SP68_RS21130	ncbi_refseq_auto	GCF_000828055.2	NZ_CP010523.2	WP_022065534.1	SP68_RS21130	Klebsiella variicola	ferrichrome porin FhuA	complement(4500802..4503009)	species representative; ortholog by 98.1% identity to the panel allele; modal in 3/4 screened Klebsiella variicola genomes	2208	735	True
k_pneumoniae	fiu	fiu|WP_023316750.1|NZ_CP040993.1|FIU12_RS17070	ncbi_refseq_auto	GCF_006364295.1	NZ_CP040993.1	WP_023316750.1	FIU12_RS17070	Klebsiella pneumoniae FDAARGOS_775	catecholate siderophore receptor Fiu	complement(3478645..3480930)	refseq_product=catecholate siderophore receptor Fiu	2286	761	True
k_pneumoniae	ftsH	ftsH|WP_002918372.1|NZ_CP040993.1|FIU12_RS03575	ncbi_refseq_auto	GCF_006364295.1	NZ_CP040993.1	WP_002918372.1	FIU12_RS03575	Klebsiella pneumoniae FDAARGOS_775	ATP-dependent zinc metalloprotease FtsH	complement(683173..685107)	refseq_gene_name	1935	644	True
k_pneumoniae	ftsH	ftsH|WP_004206183.1|NZ_CP083633.1|LA349_RS10120	ncbi_refseq_auto	GCF_020099175.1	NZ_CP083633.1	WP_004206183.1	LA349_RS10120	Klebsiella quasipneumoniae	ATP-dependent zinc metalloprotease FtsH	complement(2079891..2081825)	species representative; ortholog by 99.8% identity to the panel allele; modal in 3/3 screened Klebsiella quasipneumoniae genomes	1935	644	True
k_pneumoniae	ftsH	ftsH|WP_008806637.1|NZ_CP010523.2|SP68_RS02610	ncbi_refseq_auto	GCF_000828055.2	NZ_CP010523.2	WP_008806637.1	SP68_RS02610	Klebsiella variicola	ATP-dependent zinc metalloprotease FtsH	549329..551263	species representative; ortholog by 99.7% identity to the panel allele; modal in 4/4 screened Klebsiella variicola genomes	1935	644	True
k_pneumoniae	ftsI	ftsI|WP_004148834.1|NZ_CP040993.1|FIU12_RS21975	ncbi_refseq_auto	GCF_006364295.1	NZ_CP040993.1	WP_004148834.1	FIU12_RS21975	Klebsiella pneumoniae FDAARGOS_775	peptidoglycan glycosyltransferase FtsI	complement(4458157..4459905)	refseq_gene_name	1749	582	True
k_pneumoniae	ftsI	ftsI|WP_044523964.1|NZ_CP083633.1|LA349_RS03540	ncbi_refseq_auto	GCF_020099175.1	NZ_CP083633.1	WP_044523964.1	LA349_RS03540	Klebsiella quasipneumoniae	peptidoglycan glycosyltransferase FtsI	complement(719908..721656)	species representative; ortholog by 97.6% identity to the panel allele; modal in 2/3 screened Klebsiella quasipneumoniae genomes	1749	582	True
k_pneumoniae	ftsI	ftsI|WP_008804285.1|NZ_CP010523.2|SP68_RS09340	ncbi_refseq_auto	GCF_000828055.2	NZ_CP010523.2	WP_008804285.1	SP68_RS09340	Klebsiella variicola	peptidoglycan glycosyltransferase FtsI	1990377..1992125	species representative; ortholog by 98.1% identity to the panel allele; modal in 3/4 screened Klebsiella variicola genomes	1749	582	True
k_pneumoniae	lapB	lapB|WP_004148120.1|NZ_CP040993.1|FIU12_RS17205	ncbi_refseq_auto	GCF_006364295.1	NZ_CP040993.1	WP_004148120.1	FIU12_RS17205	Klebsiella pneumoniae FDAARGOS_775	lipopolysaccharide assembly protein LapB	3508160..3509329	refseq_gene_name	1170	389	True
k_pneumoniae	lapB	lapB|WP_004203879.1|NZ_CP083633.1|LA349_RS23680	ncbi_refseq_auto	GCF_020099175.1	NZ_CP083633.1	WP_004203879.1	LA349_RS23680	Klebsiella quasipneumoniae	lipopolysaccharide assembly protein LapB	4956393..4957562	species representative; ortholog by 99.0% identity to the panel allele; modal in 3/3 screened Klebsiella quasipneumoniae genomes	1170	389	True
k_pneumoniae	lapB	lapB|WP_008807790.1|NZ_CP010523.2|SP68_RS15005	ncbi_refseq_auto	GCF_000828055.2	NZ_CP010523.2	WP_008807790.1	SP68_RS15005	Klebsiella variicola	lipopolysaccharide assembly protein LapB	complement(3186118..3187287)	species representative; ortholog by 97.7% identity to the panel allele; modal in 4/4 screened Klebsiella variicola genomes	1170	389	True
k_pneumoniae	lapC	lapC|WP_004149137.1|NZ_CP040993.1|FIU12_RS23980	ncbi_refseq_auto	GCF_006364295.1	NZ_CP040993.1	WP_004149137.1	FIU12_RS23980	Klebsiella pneumoniae FDAARGOS_775	LPS biosynthesis-modulating metalloenzyme YejM	4913826..4915586	refseq_gene_name	1761	586	True
k_pneumoniae	lpxC	lpxC|WP_025860643.1|NZ_CP040993.1|FIU12_RS10720	ncbi_refseq_auto	GCF_006364295.1	NZ_CP040993.1	WP_025860643.1	FIU12_RS10720	Klebsiella pneumoniae FDAARGOS_775	UDP-3-O-acyl-N-acetylglucosamine deacetylase	2155719..2156636	refseq_gene_name	918	305	True
k_pneumoniae	lpxC	lpxC|WP_002888632.1|NZ_CP083633.1|LA349_RS17055	ncbi_refseq_auto	GCF_020099175.1	NZ_CP083633.1	WP_002888632.1	LA349_RS17055	Klebsiella quasipneumoniae	UDP-3-O-acyl-N-acetylglucosamine deacetylase	3555680..3556597	species representative; ortholog by 99.7% identity to the panel allele; modal in 3/3 screened Klebsiella quasipneumoniae genomes	918	305	True
k_pneumoniae	marA	marA|WP_002904397.1|NZ_CP040993.1|FIU12_RS18680	ncbi_refseq_auto	GCF_006364295.1	NZ_CP040993.1	WP_002904397.1	FIU12_RS18680	Klebsiella pneumoniae FDAARGOS_775	MDR efflux pump AcrAB transcriptional activator MarA	complement(3813152..3813526)	refseq_gene_name	375	124	True
k_pneumoniae	marA	marA|WP_004205971.1|NZ_CP083633.1|LA349_RS25200	ncbi_refseq_auto	GCF_020099175.1	NZ_CP083633.1	WP_004205971.1	LA349_RS25200	Klebsiella quasipneumoniae	MDR efflux pump AcrAB transcriptional activator MarA	complement(5276135..5276515)	species representative; ortholog by 100.0% identity to the panel allele; modal in 2/2 screened Klebsiella quasipneumoniae genomes	381	126	True
k_pneumoniae	marR	marR|WP_025862033.1|NZ_CP040993.1|FIU12_RS18685	ncbi_refseq_auto	GCF_006364295.1	NZ_CP040993.1	WP_025862033.1	FIU12_RS18685	Klebsiella pneumoniae FDAARGOS_775	multiple antibiotic resistance transcriptional regulator MarR	complement(3813547..3813981)	refseq_gene_name	435	144	True
k_pneumoniae	marR	marR|WP_004143563.1|NZ_CP083633.1|LA349_RS25205	ncbi_refseq_auto	GCF_020099175.1	NZ_CP083633.1	WP_004143563.1	LA349_RS25205	Klebsiella quasipneumoniae	multiple antibiotic resistance transcriptional regulator MarR	complement(5276536..5276970)	species representative; ortholog by 99.3% identity to the panel allele; modal in 2/2 screened Klebsiella quasipneumoniae genomes	435	144	True
k_pneumoniae	marR	marR|WP_008804963.1|NZ_CP010523.2|SP68_RS13150	ncbi_refseq_auto	GCF_000828055.2	NZ_CP010523.2	WP_008804963.1	SP68_RS13150	Klebsiella variicola	multiple antibiotic resistance transcriptional regulator MarR	2786401..2786835	species representative; ortholog by 97.9% identity to the panel allele; modal in 4/4 screened Klebsiella variicola genomes	435	144	True
k_pneumoniae	mdtK	mdtK|WP_004148609.1|NZ_CP040993.1|FIU12_RS20485	ncbi_refseq_auto	GCF_006364295.1	NZ_CP040993.1	WP_004148609.1	FIU12_RS20485	Klebsiella pneumoniae FDAARGOS_775	MdtK family multidrug efflux MATE transporter	4155764..4157137	refseq_gene_name	1374	457	True
k_pneumoniae	mdtK	mdtK|WP_023289948.1|NZ_CP083633.1|LA349_RS01760	ncbi_refseq_auto	GCF_020099175.1	NZ_CP083633.1	WP_023289948.1	LA349_RS01760	Klebsiella quasipneumoniae	MdtK family multidrug efflux MATE transporter	355669..357042	species representative; ortholog by 98.0% identity to the panel allele; modal in 2/3 screened Klebsiella quasipneumoniae genomes	1374	457	True
k_pneumoniae	mdtK	mdtK|WP_012541512.1|NZ_CP010523.2|SP68_RS11195	ncbi_refseq_auto	GCF_000828055.2	NZ_CP010523.2	WP_012541512.1	SP68_RS11195	Klebsiella variicola	MdtK family multidrug efflux MATE transporter	complement(2384426..2385799)	species representative; ortholog by 98.2% identity to the panel allele; modal in 4/4 screened Klebsiella variicola genomes	1374	457	True
k_pneumoniae	mrcA	mrcA|WP_004150051.1|NZ_CP040993.1|FIU12_RS04560	ncbi_refseq_auto	GCF_006364295.1	NZ_CP040993.1	WP_004150051.1	FIU12_RS04560	Klebsiella pneumoniae FDAARGOS_775	peptidoglycan glycosyltransferase/peptidoglycan DD-transpeptidase MrcA	852414..854972	refseq_gene_name	2559	852	True
k_pneumoniae	mrcA	mrcA|WP_032454231.1|NZ_CP083633.1|LA349_RS11035	ncbi_refseq_auto	GCF_020099175.1	NZ_CP083633.1	WP_032454231.1	LA349_RS11035	Klebsiella quasipneumoniae	peptidoglycan glycosyltransferase/peptidoglycan DD-transpeptidase MrcA	2240924..2243482	species representative; ortholog by 98.7% identity to the panel allele; modal in 2/3 screened Klebsiella quasipneumoniae genomes	2559	852	True
k_pneumoniae	mrcA	mrcA|WP_008807011.1|NZ_CP010523.2|SP68_RS01720	ncbi_refseq_auto	GCF_000828055.2	NZ_CP010523.2	WP_008807011.1	SP68_RS01720	Klebsiella variicola	peptidoglycan glycosyltransferase/peptidoglycan DD-transpeptidase MrcA	complement(387313..389871)	species representative; ortholog by 98.7% identity to the panel allele; modal in 3/4 screened Klebsiella variicola genomes	2559	852	True
k_pneumoniae	mrcB	mrcB|WP_004147127.1|NZ_CP040993.1|FIU12_RS11050	ncbi_refseq_auto	GCF_006364295.1	NZ_CP040993.1	WP_004147127.1	FIU12_RS11050	Klebsiella pneumoniae FDAARGOS_775	bifunctional glycosyl transferase/transpeptidase	2228434..2230989	refseq_gene_name	2556	851	True
k_pneumoniae	mrcB	mrcB|WP_044521074.1|NZ_CP083633.1|LA349_RS17395	ncbi_refseq_auto	GCF_020099175.1	NZ_CP083633.1	WP_044521074.1	LA349_RS17395	Klebsiella quasipneumoniae	bifunctional glycosyl transferase/transpeptidase	3628578..3631133	species representative; ortholog by 99.2% identity to the panel allele; modal in 2/3 screened Klebsiella quasipneumoniae genomes	2556	851	True
k_pneumoniae	mrcB	mrcB|WP_016160318.1|NZ_CP010523.2|SP68_RS21135	ncbi_refseq_auto	GCF_000828055.2	NZ_CP010523.2	WP_016160318.1	SP68_RS21135	Klebsiella variicola	bifunctional glycosyl transferase/transpeptidase	complement(4503244..4505802)	species representative; ortholog by 98.6% identity to the panel allele; modal in 3/4 screened Klebsiella variicola genomes	2559	852	True
k_pneumoniae	mrdA	mrdA|WP_002894617.1|NZ_CP040993.1|FIU12_RS13835	ncbi_refseq_auto	GCF_006364295.1	NZ_CP040993.1	WP_002894617.1	FIU12_RS13835	Klebsiella pneumoniae FDAARGOS_775	peptidoglycan DD-transpeptidase MrdA	complement(2807339..2809240)	refseq_gene_name	1902	633	True
k_pneumoniae	mrdA	mrdA|WP_023288833.1|NZ_CP083633.1|LA349_RS20175	ncbi_refseq_auto	GCF_020099175.1	NZ_CP083633.1	WP_023288833.1	LA349_RS20175	Klebsiella quasipneumoniae	peptidoglycan DD-transpeptidase MrdA	complement(4219251..4221152)	species representative; ortholog by 99.5% identity to the panel allele; modal in 3/3 screened Klebsiella quasipneumoniae genomes	1902	633	True
k_pneumoniae	mrdA	mrdA|WP_008805636.1|NZ_CP010523.2|SP68_RS18535	ncbi_refseq_auto	GCF_000828055.2	NZ_CP010523.2	WP_008805636.1	SP68_RS18535	Klebsiella variicola	peptidoglycan DD-transpeptidase MrdA	3945838..3947739	species representative; ortholog by 99.1% identity to the panel allele; modal in 4/4 screened Klebsiella variicola genomes	1902	633	True
k_pneumoniae	ompA	ompA|WP_002898408.1|NZ_CP040993.1|FIU12_RS15450	ncbi_refseq_auto	GCF_006364295.1	NZ_CP040993.1	WP_002898408.1	FIU12_RS15450	Klebsiella pneumoniae FDAARGOS_775	porin OmpA	complement(3155134..3156204)	refseq_gene_name	1071	356	True
k_pneumoniae	ompA	ompA|WP_044521956.1|NZ_CP083633.1|LA349_RS21785	ncbi_refseq_auto	GCF_020099175.1	NZ_CP083633.1	WP_044521956.1	LA349_RS21785	Klebsiella quasipneumoniae	porin OmpA	complement(4570416..4571486)	species representative; ortholog by 99.7% identity to the panel allele; modal in 3/3 screened Klebsiella quasipneumoniae genomes	1071	356	True
k_pneumoniae	ompA	ompA|WP_008805892.1|NZ_CP010523.2|SP68_RS16960	ncbi_refseq_auto	GCF_000828055.2	NZ_CP010523.2	WP_008805892.1	SP68_RS16960	Klebsiella variicola	porin OmpA	3601482..3602534	species representative; ortholog by 95.1% identity to the panel allele; modal in 4/4 screened Klebsiella variicola genomes	1053	350	True
k_pneumoniae	ompC	ompC|WP_004148894.1|NZ_CP040993.1|FIU12_RS22490	ncbi_refseq_auto	GCF_006364295.1	NZ_CP040993.1	WP_004148894.1	FIU12_RS22490	Klebsiella pneumoniae FDAARGOS_775	porin OmpC	4549532..4550677	refseq_gene_name	1146	381	True
k_pneumoniae	ompC	ompC|WP_044524020.1|NZ_CP083633.1|LA349_RS04055	ncbi_refseq_auto	GCF_020099175.1	NZ_CP083633.1	WP_044524020.1	LA349_RS04055	Klebsiella quasipneumoniae	porin OmpC	818002..819138	species representative; ortholog by 91.8% identity to the panel allele; modal in 2/3 screened Klebsiella quasipneumoniae genomes	1137	378	True
k_pneumoniae	ompC	ompC|WP_008804200.1|NZ_CP010523.2|SP68_RS08850	ncbi_refseq_auto	GCF_000828055.2	NZ_CP010523.2	WP_008804200.1	SP68_RS08850	Klebsiella variicola	porin OmpC	complement(1893082..1894227)	species representative; ortholog by 96.3% identity to the panel allele; modal in 3/4 screened Klebsiella variicola genomes	1146	381	True
k_pneumoniae	ompK35	ompK35|WP_004141771.1|NZ_CP040993.1|FIU12_RS15320	ncbi_refseq_auto	GCF_006364295.1	NZ_CP040993.1	WP_004141771.1	FIU12_RS15320	Klebsiella pneumoniae FDAARGOS_775	porin OmpK35	complement(3123126..3124205)	refseq_gene_name	1080	359	True
k_pneumoniae	ompK35	ompK35|WP_004201406.1|NZ_CP083633.1|LA349_RS21655	ncbi_refseq_auto	GCF_020099175.1	NZ_CP083633.1	WP_004201406.1	LA349_RS21655	Klebsiella quasipneumoniae	porin OmpK35	complement(4538499..4539581)	species representative; ortholog by 95.8% identity to the panel allele; modal in 3/3 screened Klebsiella quasipneumoniae genomes	1083	360	True
k_pneumoniae	ompK35	ompK35|WP_008805872.1|NZ_CP010523.2|SP68_RS17060	ncbi_refseq_auto	GCF_000828055.2	NZ_CP010523.2	WP_008805872.1	SP68_RS17060	Klebsiella variicola	porin OmpK35	3627436..3628515	species representative; ortholog by 98.6% identity to the panel allele; modal in 4/4 screened Klebsiella variicola genomes	1080	359	True
k_pneumoniae	ompK36	ompK36|WP_004149145.1|NZ_CP040993.1|FIU12_RS24035	ncbi_refseq_auto	GCF_006364295.1	NZ_CP040993.1	WP_004149145.1	FIU12_RS24035	Klebsiella pneumoniae FDAARGOS_775	porin OmpK36	complement(4927135..4928253)	refseq_gene_name	1119	372	True
k_pneumoniae	ompK36	ompK36|WP_044524243.1|NZ_CP083633.1|LA349_RS05185	ncbi_refseq_auto	GCF_020099175.1	NZ_CP083633.1	WP_044524243.1	LA349_RS05185	Klebsiella quasipneumoniae	porin OmpK36	complement(1080819..1081910)	species representative; ortholog by 95.3% identity to the panel allele; modal in 3/3 screened Klebsiella quasipneumoniae genomes	1092	363	True
k_pneumoniae	ompK37	ompK37|WP_004148196.1|NZ_CP040993.1|FIU12_RS17710	ncbi_refseq_auto	GCF_006364295.1	NZ_CP040993.1	WP_004148196.1	FIU12_RS17710	Klebsiella pneumoniae FDAARGOS_775	porin OmpK37	complement(3612579..3613700)	refseq_gene_name	1122	373	True
k_pneumoniae	ompK37	ompK37|WP_044522574.1|NZ_CP083633.1|LA349_RS24225	ncbi_refseq_auto	GCF_020099175.1	NZ_CP083633.1	WP_044522574.1	LA349_RS24225	Klebsiella quasipneumoniae	porin OmpK37	complement(5073772..5074896)	species representative; ortholog by 97.6% identity to the panel allele; modal in 2/3 screened Klebsiella quasipneumoniae genomes	1125	374	True
k_pneumoniae	ompK37	ompK37|WP_022066059.1|NZ_CP010523.2|SP68_RS14150	ncbi_refseq_auto	GCF_000828055.2	NZ_CP010523.2	WP_022066059.1	SP68_RS14150	Klebsiella variicola	porin OmpK37	3005721..3006845	species representative; ortholog by 98.7% identity to the panel allele; modal in 4/4 screened Klebsiella variicola genomes	1125	374	True
k_pneumoniae	ompR	ompR|WP_001157751.1|NZ_CP040993.1|FIU12_RS04600	ncbi_refseq_auto	GCF_006364295.1	NZ_CP040993.1	WP_001157751.1	FIU12_RS04600	Klebsiella pneumoniae FDAARGOS_775	two-component system response regulator OmpR	complement(863494..864213)	refseq_gene_name	720	239	True
k_pneumoniae	phoE	phoE|WP_004144576.1|NZ_CP040993.1|FIU12_RS11790	ncbi_refseq_auto	GCF_006364295.1	NZ_CP040993.1	WP_004144576.1	FIU12_RS11790	Klebsiella pneumoniae FDAARGOS_775	phosphoporin PhoE	2374104..2375156	refseq_gene_name	1053	350	True
k_pneumoniae	phoE	phoE|WP_023288537.1|NZ_CP083633.1|LA349_RS17990	ncbi_refseq_auto	GCF_020099175.1	NZ_CP083633.1	WP_023288537.1	LA349_RS17990	Klebsiella quasipneumoniae	phosphoporin PhoE	3757154..3758206	species representative; ortholog by 99.1% identity to the panel allele; modal in 3/3 screened Klebsiella quasipneumoniae genomes	1053	350	True
k_pneumoniae	phoE	phoE|WP_040973084.1|NZ_CP010523.2|SP68_RS20545	ncbi_refseq_auto	GCF_000828055.2	NZ_CP010523.2	WP_040973084.1	SP68_RS20545	Klebsiella variicola	phosphoporin PhoE	complement(4378834..4379886)	species representative; ortholog by 99.4% identity to the panel allele; modal in 3/4 screened Klebsiella variicola genomes	1053	350	True
k_pneumoniae	pmrA	pmrA|WP_002895659.1|NZ_CP040993.1|FIU12_RS14545	ncbi_refseq_auto	GCF_006364295.1	NZ_CP040993.1	WP_002895659.1	FIU12_RS14545	Klebsiella pneumoniae FDAARGOS_775	two-component system response regulator PmrA	complement(2944891..2945562)	refseq_gene_name	672	223	True
k_pneumoniae	pmrA	pmrA|WP_023288918.1|NZ_CP083633.1|LA349_RS20885	ncbi_refseq_auto	GCF_020099175.1	NZ_CP083633.1	WP_023288918.1	LA349_RS20885	Klebsiella quasipneumoniae	two-component system response regulator PmrA	complement(4360389..4361060)	species representative; ortholog by 96.9% identity to the panel allele; modal in 3/3 screened Klebsiella quasipneumoniae genomes	672	223	True
k_pneumoniae	pmrA	pmrA|WP_008805743.1|NZ_CP010523.2|SP68_RS17835	ncbi_refseq_auto	GCF_000828055.2	NZ_CP010523.2	WP_008805743.1	SP68_RS17835	Klebsiella variicola	two-component system response regulator PmrA	3806849..3807520	species representative; ortholog by 98.2% identity to the panel allele; modal in 4/4 screened Klebsiella variicola genomes	672	223	True
k_pneumoniae	pmrB	pmrB|WP_004147680.1|NZ_CP040993.1|FIU12_RS14540	ncbi_refseq_auto	GCF_006364295.1	NZ_CP040993.1	WP_004147680.1	FIU12_RS14540	Klebsiella pneumoniae FDAARGOS_775	two-component system sensor histidine kinase PmrB	complement(2943790..2944887)	refseq_gene_name	1098	365	True
k_pneumoniae	pmrB	pmrB|WP_023288917.1|NZ_CP083633.1|LA349_RS20880	ncbi_refseq_auto	GCF_020099175.1	NZ_CP083633.1	WP_023288917.1	LA349_RS20880	Klebsiella quasipneumoniae	two-component system sensor histidine kinase PmrB	complement(4359288..4360385)	species representative; ortholog by 97.5% identity to the panel allele; modal in 3/3 screened Klebsiella quasipneumoniae genomes	1098	365	True
k_pneumoniae	pmrB	pmrB|WP_012542394.1|NZ_CP010523.2|SP68_RS17840	ncbi_refseq_auto	GCF_000828055.2	NZ_CP010523.2	WP_012542394.1	SP68_RS17840	Klebsiella variicola	two-component system sensor histidine kinase PmrB	3807524..3808621	species representative; ortholog by 97.5% identity to the panel allele; modal in 3/4 screened Klebsiella variicola genomes	1098	365	True
k_pneumoniae	pmrD	pmrD|WP_025861906.1|NZ_CP040993.1|FIU12_RS23055	ncbi_refseq_auto	GCF_006364295.1	NZ_CP040993.1	WP_025861906.1	FIU12_RS23055	Klebsiella pneumoniae FDAARGOS_775	signal transduction protein PmrD	4702156..4702401	refseq_gene_name	246	81	True
k_pneumoniae	pmrD	pmrD|WP_023290305.1|NZ_CP083633.1|LA349_RS04130	ncbi_refseq_auto	GCF_020099175.1	NZ_CP083633.1	WP_023290305.1	LA349_RS04130	Klebsiella quasipneumoniae	signal transduction protein PmrD	832829..833074	species representative; ortholog by 87.7% identity to the panel allele; modal in 3/3 screened Klebsiella quasipneumoniae genomes	246	81	True
k_pneumoniae	pmrD	pmrD|WP_008804171.1|NZ_CP010523.2|SP68_RS08620	ncbi_refseq_auto	GCF_000828055.2	NZ_CP010523.2	WP_008804171.1	SP68_RS08620	Klebsiella variicola	signal transduction protein PmrD	complement(1844173..1844418)	species representative; ortholog by 86.3% identity to the panel allele; modal in 4/4 screened Klebsiella variicola genomes	246	81	True
k_pneumoniae	qseB	qseB|WP_002916836.1|NZ_CP040993.1|FIU12_RS02800	ncbi_refseq_auto	GCF_006364295.1	NZ_CP040993.1	WP_002916836.1	FIU12_RS02800	Klebsiella pneumoniae FDAARGOS_775	quorum sensing response regulator transcription factor QseB	532421..533080	refseq_gene_name	660	219	True
k_pneumoniae	qseB	qseB|WP_044524726.1|NZ_CP083633.1|LA349_RS09180	ncbi_refseq_auto	GCF_020099175.1	NZ_CP083633.1	WP_044524726.1	LA349_RS09180	Klebsiella quasipneumoniae	quorum sensing response regulator transcription factor QseB	1906555..1907214	species representative; ortholog by 98.2% identity to the panel allele; modal in 2/3 screened Klebsiella quasipneumoniae genomes	660	219	True
k_pneumoniae	qseB	qseB|WP_008806509.1|NZ_CP010523.2|SP68_RS03455	ncbi_refseq_auto	GCF_000828055.2	NZ_CP010523.2	WP_008806509.1	SP68_RS03455	Klebsiella variicola	quorum sensing response regulator transcription factor QseB	complement(723394..724053)	species representative; ortholog by 98.2% identity to the panel allele; modal in 4/4 screened Klebsiella variicola genomes	660	219	True
k_pneumoniae	qseC	qseC|WP_004149844.1|NZ_CP040993.1|FIU12_RS02805	ncbi_refseq_auto	GCF_006364295.1	NZ_CP040993.1	WP_004149844.1	FIU12_RS02805	Klebsiella pneumoniae FDAARGOS_775	quorum sensing histidine kinase QseC	533077..534426	refseq_gene_name	1350	449	True
k_pneumoniae	qseC	qseC|WP_044524728.1|NZ_CP083633.1|LA349_RS09185	ncbi_refseq_auto	GCF_020099175.1	NZ_CP083633.1	WP_044524728.1	LA349_RS09185	Klebsiella quasipneumoniae	quorum sensing histidine kinase QseC	1907211..1908560	species representative; ortholog by 93.1% identity to the panel allele; modal in 2/3 screened Klebsiella quasipneumoniae genomes	1350	449	True
k_pneumoniae	qseC	qseC|WP_040968872.1|NZ_CP010523.2|SP68_RS03450	ncbi_refseq_auto	GCF_000828055.2	NZ_CP010523.2	WP_040968872.1	SP68_RS03450	Klebsiella variicola	quorum sensing histidine kinase QseC	complement(722048..723397)	species representative; ortholog by 94.0% identity to the panel allele; modal in 3/4 screened Klebsiella variicola genomes	1350	449	True
k_pneumoniae	ramA	ramA|WP_002893035.1|NZ_CP040993.1|FIU12_RS13070	ncbi_refseq_auto	GCF_006364295.1	NZ_CP040993.1	WP_002893035.1	FIU12_RS13070	Klebsiella pneumoniae FDAARGOS_775	RamA family antibiotic efflux transcriptional regulator	complement(2637320..2637661)	refseq_product=RamA family antibiotic efflux transcriptional regulator	342	113	True
k_pneumoniae	soxR	soxR|WP_002885077.1|NZ_CP040993.1|FIU12_RS08135	ncbi_refseq_auto	GCF_006364295.1	NZ_CP040993.1	WP_002885077.1	FIU12_RS08135	Klebsiella pneumoniae FDAARGOS_775	redox-sensitive transcriptional activator SoxR	1616526..1616984	refseq_gene_name	459	152	True
k_pneumoniae	soxR	soxR|WP_004206331.1|NZ_CP083633.1|LA349_RS14615	ncbi_refseq_auto	GCF_020099175.1	NZ_CP083633.1	WP_004206331.1	LA349_RS14615	Klebsiella quasipneumoniae	redox-sensitive transcriptional activator SoxR	3021865..3022323	species representative; ortholog by 99.3% identity to the panel allele; modal in 3/3 screened Klebsiella quasipneumoniae genomes	459	152	True
k_pneumoniae	soxS	soxS|WP_004151738.1|NZ_CP040993.1|FIU12_RS08130	ncbi_refseq_auto	GCF_006364295.1	NZ_CP040993.1	WP_004151738.1	FIU12_RS08130	Klebsiella pneumoniae FDAARGOS_775	superoxide response transcriptional regulator SoxS	complement(1616112..1616441)	refseq_gene_name	330	109	True
k_pneumoniae	soxS	soxS|WP_023291646.1|NZ_CP083633.1|LA349_RS14610	ncbi_refseq_auto	GCF_020099175.1	NZ_CP083633.1	WP_023291646.1	LA349_RS14610	Klebsiella quasipneumoniae	superoxide response transcriptional regulator SoxS	complement(3021451..3021780)	species representative; ortholog by 99.1% identity to the panel allele; modal in 2/3 screened Klebsiella quasipneumoniae genomes	330	109	True
k_pneumoniae	tolC	tolC|WP_032443945.1|NZ_CP040993.1|FIU12_RS02845	ncbi_refseq_auto	GCF_006364295.1	NZ_CP040993.1	WP_032443945.1	FIU12_RS02845	Klebsiella pneumoniae FDAARGOS_775	outer membrane channel protein TolC	540184..541656	refseq_gene_name	1473	490	True
k_pneumoniae	tolC	tolC|WP_023291030.1|NZ_CP083633.1|LA349_RS09225	ncbi_refseq_auto	GCF_020099175.1	NZ_CP083633.1	WP_023291030.1	LA349_RS09225	Klebsiella quasipneumoniae	outer membrane channel protein TolC	1914319..1915779	species representative; ortholog by 95.0% identity to the panel allele; modal in 2/3 screened Klebsiella quasipneumoniae genomes	1461	486	True
k_pneumoniae	tolC	tolC|WP_008806517.1|NZ_CP010523.2|SP68_RS03410	ncbi_refseq_auto	GCF_000828055.2	NZ_CP010523.2	WP_008806517.1	SP68_RS03410	Klebsiella variicola	outer membrane channel protein TolC	complement(714818..716290)	species representative; ortholog by 99.0% identity to the panel allele; modal in 4/4 screened Klebsiella variicola genomes	1473	490	True
k_pneumoniae	tonB	tonB|WP_025861279.1|NZ_CP040993.1|FIU12_RS21255	ncbi_refseq_auto	GCF_006364295.1	NZ_CP040993.1	WP_025861279.1	FIU12_RS21255	Klebsiella pneumoniae FDAARGOS_775	TonB system transport protein TonB	complement(4301551..4302285)	refseq_gene_name	735	244	True
k_pneumoniae	tonB	tonB|WP_032453270.1|NZ_CP083633.1|LA349_RS02750	ncbi_refseq_auto	GCF_020099175.1	NZ_CP083633.1	WP_032453270.1	LA349_RS02750	Klebsiella quasipneumoniae	TonB system transport protein TonB	complement(551654..552400)	species representative; ortholog by 95.9% identity to the panel allele; modal in 2/3 screened Klebsiella quasipneumoniae genomes	747	248	True
k_pneumoniae	tonB	tonB|WP_022065331.1|NZ_CP010523.2|SP68_RS10180	ncbi_refseq_auto	GCF_000828055.2	NZ_CP010523.2	WP_022065331.1	SP68_RS10180	Klebsiella variicola	TonB system transport protein TonB	2180469..2181215	species representative; ortholog by 95.9% identity to the panel allele; modal in 3/4 screened Klebsiella variicola genomes	747	248	True
k_pneumoniae	ugd	ugd|WP_004149017.1|NZ_CP040993.1|FIU12_RS23330	ncbi_refseq_auto	GCF_006364295.1	NZ_CP040993.1	WP_004149017.1	FIU12_RS23330	Klebsiella pneumoniae FDAARGOS_775	UDP-glucose 6-dehydrogenase	complement(4755791..4756957)	refseq_gene_name	1167	388	True
k_pneumoniae	ugd	ugd|WP_044524125.1|NZ_CP083633.1|LA349_RS04495	ncbi_refseq_auto	GCF_020099175.1	NZ_CP083633.1	WP_044524125.1	LA349_RS04495	Klebsiella quasipneumoniae	UDP-glucose 6-dehydrogenase	complement(912097..913263)	species representative; ortholog by 99.2% identity to the panel allele; modal in 3/3 screened Klebsiella quasipneumoniae genomes	1167	388	True
k_pneumoniae	ugd	ugd|WP_000704907.1|NZ_CP010523.2|SP68_RS08265	ncbi_refseq_auto	GCF_000828055.2	NZ_CP010523.2	WP_000704907.1	SP68_RS08265	Klebsiella variicola	UDP-glucose 6-dehydrogenase	1761882..1763048	species representative; ortholog by 99.7% identity to the panel allele; modal in 4/4 screened Klebsiella variicola genomes	1167	388	True
e_coli	ompC	ompC|WP_000865587.1|NA|NA	user_added	-	NA	WP_000865587.1	NA	-	MULTISPECIES: porin OmpC [Enterobacteriaceae]	-	protein accession verified at NCBI	1122	373	True
